Wshedarea,Annl Precip,Temprange,MAT,Runoff,NDVI,Slope,Elevation,pctForest,pctBog,pctLake,pctAg,NO3,DOC,Ndep,pctLake
103581255,776.1568627,26.9872549,4.67254902,278.66,140.2790698,9.737149855,269.1694915,0.782,0.01,0.115,0.049,165,2.4,551.37,13.39
357698616,920.8296089,25.43603352,2.198324022,461.27,134.8644068,8.154418033,671.7274939,0.789,0.049,0.052,0.023,155,1.4,554.61,13.34
586726083,1349.68942,24.37440273,-0.344880546,1245.44,115.7195876,8.365578288,1121.112426,0.125,0.022,0.154,0.003,16,2.9,477.17,36.59
42226198,781.6341463,28.10731707,3.170731707,313.57,136.1363636,9.085745107,477.7755102,0.782,0.024,0.122,0,29,7.1,595.12,2.54
38142867,908,26.83243243,0.172972973,957.14,128.5333333,5.034681071,996.744186,0.258,0.061,0.225,0,136,1.9,646.51,6.56
61296500,1757.887097,23.01935484,-1.120967742,1706.9,104.7586207,6.399798124,1321.772727,0,0.02,0.102,0,55,0.27,608.54,1.51
111818404,965.3189655,25.58448276,0.798275862,716.43,129.5333333,6.55253028,889.4920635,0.526,0.201,0.07,0.015,41,2.8,524.94,5.12
92932327,1166.714286,25.35054945,-1.468131868,816.73,116.3804348,4.340224217,1268.663636,0,0.03,0.118,0,19,0.98,366.33,2.59
848903777,686.9210836,29.66372203,-0.526383981,732.96,122.5196211,4.622316381,866.9555326,0.315,0.093,0.121,0.012,27,1.4,252.38,46.04
18184908,791.9473684,29.5,2.442105263,1045.29,137.625,4.573711761,569.952381,0.774,0.055,0.122,0.015,84,3.2,785,1.7
145814276,670.7638889,30.32847222,3.457638889,296.37,137.1477273,6.86252361,292.7261905,0.5,0.023,0.377,0.087,400,1.9,620.21,365.19
2124770094,575.5367232,30.63112053,0.33893597,431.62,126.4980334,8.233416676,724.5690722,0.609,0.104,0.036,0.014,96,2.7,452.12,47.55
140009157,803.3623188,25.49130435,6.111594203,380.84,143.7580645,1.917808018,124.5974843,0.787,0.035,0.082,0.082,300,6.1,640.76,6.2
578926144,754.6932409,30.01629116,2.785615251,517.68,137.8871595,6.193064408,451.5197568,0.817,0.048,0.092,0.027,320,2.9,491.65,32.31
694439200,834.3959828,27.92008608,-1.673314204,1071.92,116.2535714,8.785495612,1236.286979,0.063,0.071,0.16,0,92,0.29,306.98,39.89
126015287,851.5806452,27.07096774,-1.126612903,453.62,122.3307087,7.930245708,1174.349315,0.147,0.107,0.02,0,,2.2,230.41,1.14
114646415,628.8157895,30.14736842,-0.377192983,513.59,126.4509804,3.940227936,813.8538462,0.395,0.147,0.082,0.026,18,2.8,293.09,4.37
13385722,650.3846154,30.59230769,1.038461538,562.31,129.8461538,3.31162896,679.8666667,0.41,0.451,0.135,0,4,6.5,446.81,1.68
211672050,1241.161905,22.05142857,-1.131428571,1522.18,105.3560976,14.99089014,1361.485356,0.106,0.003,0.049,0.001,39,,202.15,2.61
12154424,1036.818182,25.30909091,-3.281818182,948.33,104.9,11.62890056,1642.357143,0,0,0.135,0,16,0.28,207.34,1.29
57762730,721.5614035,29.98070175,2.438596491,388.37,134.9824561,3.666249313,470.6307692,0.813,0.118,0.067,0,18,7.6,591.87,1.5
7515503,682,30.32857143,-0.957142857,997,125.3333333,2.226236635,1021,0.007,0.331,0.186,0,6,3.4,317.32,1.29
23674459,704.3333333,30.57916667,2.3875,374.57,138,4.18824291,474.7407407,0.714,0.121,0.116,0.041,250,6.3,452.73,2.67
65017047,684.8095238,30.53492063,-0.253968254,899.72,130.1016949,2.971052265,910.6,0.168,0.32,0.13,0.014,117,1,464.2,1.2
120078408,731.440678,30.10169492,-0.741525424,565.48,128.9,11.1781851,1016.248175,0.457,0.041,0.076,0.007,6,2.3,193.38,4.33
65677044,796.2238806,28.44477612,-1.605970149,920.33,123.15625,14.24380649,1191.263158,0.333,0.033,0.069,0,,1.6,200.41,1.99
5027481,623,30.6,1.525,678.33,135,3.434534392,596.8571429,0.632,0.137,0.232,0,7,4.5,482.5,1.15
33195908,688.9,30.50666667,-0.393333333,871.91,130.2692308,2.553890269,933.7297297,0.1,0.261,0.169,0.013,4,3.4,464.2,1.23
90062629,784.7472527,25.78681319,6.121978022,517.6,144.6989247,1.91525677,122.3076923,0.801,0.022,0.024,0.131,990,8.4,774.09,1.55
82917436,778.0361446,27.49277108,5.668674699,494.95,141.2926829,1.912240911,138.2291667,0.616,0.012,0.051,0.158,1360,5.8,674.76,2.42
14697838,803.3571429,28.97857143,3.614285714,1117.87,137,3.499370052,408.5555556,0.803,0.034,0.164,0,155,2.5,735.1,1.81
45762023,798.2727273,28.76818182,4.331818182,433.91,142.6444444,3.462567991,256.0408163,0.846,0.066,0.067,0.015,109,8.5,685.45,2.04
1573940975,806.3439288,27.26064844,5.136490782,442.9,143.5605953,2.594311224,197.7488864,0.739,0.039,0.089,0.108,835,6.4,589.78,10.64
1007254461,804.2497512,27.95422886,4.809154229,464.56,142.5103149,2.884681579,218.4729494,0.733,0.045,0.078,0.127,1030,6.9,750.03,16.42
8630110,726.75,29.075,4.025,478.1,143.4285714,2.495851672,277.3,0.814,0.026,0.146,0.01,47,6.1,531.33,1.13
163578787,929.0807453,27.28757764,-0.513664596,502.34,126.0807453,7.240046034,1048.216931,0.433,0.073,0.06,0.007,20,2.4,430.26,2.06
51073408,1273.134615,25.26923077,-1.451923077,807.5,106.1025641,4.34970733,1255.018182,0,0.002,0.225,0,37,0.42,370.6,4
127968210,1243.820313,25.4546875,-1.30859375,771.87,114.7383178,2.154302345,1240.290541,0,0.087,0.167,0,6,1.6,422.53,10.78
21715426,821.2380952,27.53809524,2.661904762,735.22,133.0416667,4.454050142,573.5769231,0.852,0.031,0.016,0,41,5.8,633.91,1.01
12484296,839.75,27.95833333,1.483333333,877.38,132.0714286,5.165418364,772.6923077,0.327,0.16,0.063,0,92,7.4,634.39,0.13
61350558,861.046875,27.9375,-0.3,464.62,127.9655172,6.053962134,1004.144928,0.608,0.053,0.055,0,8,2.5,430.26,2.13
17747154,1118.705882,25.78823529,-1.394117647,668.26,117.4375,3.667239672,1246.95,0,0.061,0.063,0,11,1.3,442.53,1.61
7869221,1887.9,22.23,4.33,2228.67,127.5714286,11.98043362,171.1111111,0.455,0.001,0.205,0,51,1.8,330,1.51
763284539,936.9973856,26.71163399,0.403529412,1104.7,120.625889,8.16530711,740.1635945,0.119,0.007,0.028,0.001,39,1.6,293.04,14.01
85566399,1512.494253,23.67931034,2.848275862,1399.75,122.1129032,6.797366774,425.8762887,0.419,0.093,0.224,0,63,2.2,276.87,16
1395826805,1298.796987,24.08593974,1.213199426,1773.44,114.9334532,9.084144202,672.3208489,0.266,0.034,0.183,0.003,75,0.64,323.03,218.61
2749,981,25.5,-2.3,1284,113,3.216964722,1440,0,0,0,0,111,0.79,473.7,18.25
180961296,753.2209945,26.1839779,5.641436464,586.44,143.2768362,6.13575815,177.0291262,0.798,0.005,0.042,0.141,455,5,775.61,3.06
141301328,757.4388489,30.51798561,1.985611511,602.96,135.3070175,13.69013049,540.3,0.634,0.026,0.136,0,150,2.7,353.33,42.88
177406882,721.56,29.09028571,4.941142857,227.95,138.5777778,5.796871513,190.765,0.38,0.007,0.398,0.161,315,2.9,547.38,138.56
3675931679,712.7320991,30.83427716,1.408467193,494.78,134.1180986,6.350166018,650.4401618,0.618,0.11,0.071,0.049,405,3.6,537.89,139.23
176336154,767.2342857,30.61428571,0.053714286,657.59,134.1411043,7.004791559,881.3134328,0.665,0.075,0.078,0,15,3.1,504.43,1.5
6322886,746.6,31.06,0.22,494.5,132.2,3.126485774,842.1428571,0.605,0.172,0.208,0,5,3.3,467.03,1.24
90663732,797.8191489,28.90851064,-0.75212766,656.58,122.8767123,9.616079591,1036.821782,0.286,0.099,0.131,0.01,14,1.8,383.61,4.88
17033391,735.2,29.815,0.07,492.69,132.2857143,3.424797607,895.4210526,0.617,0.167,0.178,0.013,16,3.4,422.77,1.9
10046686,966.5,26.39,-2.98,926.7,107.3,11.74989462,1491.9,0,0,0.231,0,34,0.36,500.71,2.12
517388754,757.3764479,27.02548263,5.000579151,595.57,140.957265,6.768201474,244.9303905,0.782,0.018,0.093,0.088,685,2.5,637.04,27.02
555547906,767.54,30.02727273,1.676909091,562.98,135.7271062,9.643545037,664.1446541,0.653,0.085,0.039,0,122,6.2,838.82,6.49
344221060,1313.740634,24.90979827,-1.652161383,1298.17,106.6845426,7.775678228,1328.926396,0.016,0.006,0.113,0,32,1.1,370.6,10.46
417100218,830.9418886,28.29249395,-1.24503632,778.69,122.2118863,11.45098533,1145.54071,0.177,0.097,0.081,0.007,12,1.1,397.52,12.92
56750266,807.2857143,28.25357143,-1.071428571,737.09,124.1428571,15.81077723,1090.793651,0.286,0.021,0.177,0,67,0.86,421.16,9.47
26972365,813.3333333,28.59259259,-0.874074074,703.64,119.5,13.32735064,1073.34375,0.265,0.057,0.09,0.003,,,422.77,.
124302751,738.795082,29.50163934,-0.430327869,620.19,127.7037037,6.269508249,975.7826087,0.2,0.149,0.089,0.022,8,2.7,397.52,1.01
9532098,972.0833333,25.65833333,-1.65,1122.55,108.3333333,3.73812113,1296.363636,0,0,0.262,0,34,0.24,300.11,1.52
5147116,771.1428571,30.14285714,-0.7,644.8,133.5,4.948669195,1015.666667,0.527,0.059,0.267,0,8,2.1,461.07,1.25
17559296,794.2941176,29.74117647,-1.017647059,717.94,131.4,4.094068157,1062.521739,0.311,0.116,0.087,0.002,12,2.5,369.37,1.21
12953809,744.1538462,30.34615385,-0.830769231,717.93,127,3.993066053,1021.4,0.41,0.199,0.097,0,6,3.2,366.32,1.13
388413665,1254.863291,25.12177215,2.244810127,884.72,120.188755,6.903827702,507.4189189,0.322,0.058,0.293,0.001,88,1,346.02,100.18
14212242,1328.153846,24.69230769,1.530769231,1322.13,115.1333333,4.784648825,642.5882353,0.054,0.036,0.212,0,10,1.3,343.99,2.77
4862968,1567.75,22.325,4.675,1099,127.6666667,4.997038794,93.8,0.313,0.015,0.266,0.004,105,3.7,309.5,1.31
150061408,914.1342282,27.2295302,0.902684564,1477.18,120.2333333,7.017148184,686.5755814,0.102,0.189,0.139,0,44,2.1,310.58,14.42
61122271,919.8888889,26.73333333,1.455555556,1352.53,121.0851064,6.345672945,567.5373134,0.123,0.2,0.135,0,31,2.2,310.58,7.99
83826739,1030.392857,25.22619048,-0.463095238,1699.26,106.7948718,8.062741709,854.9787234,0,0.008,0.071,0,30,0.93,185.83,2.61
8740317,1187.8,22.1,1.34,1721.43,114.8,6.941929814,519.5454545,0.062,0.001,0.201,0,8,1.2,391,1.31
36573094,1087.868421,24.75,-0.689473684,1076.11,106.6,9.691302279,887.9756098,0.047,0.012,0.075,0,4,0.49,224.28,2.6
12826919,1079.857143,24.90714286,-0.664285714,1152.77,110.1111111,20.97614536,891.6875,0,0.003,0.144,0,4,,224.28,1.79
58123462,1061.631579,25.27192982,-0.180701754,1157.6,111,5.847974905,735.4153846,0,0.015,0.088,0,9,0.71,262.81,3.3
15241128,1105.4375,20.96875,3.4875,1292.56,128.4,7.190964448,98.68421053,0.407,0.041,0.263,0,48,1.9,315.75,1.85
25627415,853.5,24.54090909,3.790909091,527.61,137.25,7.088061536,285.8148148,0.595,0.031,0.328,0.033,38,1.9,199.3,5.73
94443127,920.6808511,23.74148936,3.669148936,635.12,135.4301075,5.677889945,276.0909091,0.583,0.15,0.043,0.166,210,4.5,339.9,1.84
17076311,1002.4375,26.5,1.88125,1237.82,125,2.131231797,527.5,0.118,0.279,0.166,0,27,3.1,274.6,1.86
1572925994,1218.566518,24.82017823,3.251368555,946.99,128.8598061,6.288369266,333.4983296,0.464,0.113,0.127,0.041,245,3.5,283.25,121.58
13947539,856.2666667,26.84,-1.173333333,808.25,117.1538462,7.0972597,1134.125,0,0.096,0.148,0,2,0.78,181.88,1.85
10494080,1231,21.28571429,3.9,1229.36,140.4166667,11.37995212,285.4615385,0.562,0.086,0.1,0.038,54,6.9,266.28,1.01
18124847,1065.647059,25.06470588,-1.094117647,1258.4,107.1111111,10.37275804,894.952381,0,0,0.106,0,13,0.42,293.62,1.66
56663397,845.1785714,25.16071429,-0.878571429,1322.36,113.0196078,15.91175717,736.9850746,0.255,0.024,0.057,0.005,28,1,197.37,2.61
2434057132,1532.399015,22.58341544,1.238834154,1329.45,120.5765571,9.484132727,933.8677893,0.365,0.035,0.099,0.005,98,2,650.7,11.96
99230905,1776.081633,22.21428571,0.167346939,2072.17,107.1777778,6.419154964,1123.716814,0.063,0.004,0.125,0,104,,459.72,3.11
108170862,1647.877358,22.78301887,0.458490566,1646.3,110.9494949,9.073546636,1045.975806,0.171,0.003,0.096,0.001,55,1.1,664.42,1.13
40369691,1770.714286,22.0952381,-0.185714286,2317.71,104.3529412,2.314245544,1186.630435,0,0,0.355,0,165,,459.69,14.61
9239381,1793.5,22.275,0.1,1990.78,104.6666667,7.169298768,1131.3,0,0,0.187,0,110,,459.72,1.5
15527032,1701.538462,22.30769231,-0.253846154,2122.67,107.25,4.67018306,1212.05,0,0,0.265,0,68,0.31,459.69,2.86
110717923,839.954955,27.72702703,1.88018018,737.06,128.1276596,5.463625728,519.3333333,0.553,0.095,0.162,0,17,2.9,233.08,21.49
30134282,940.4333333,27.43,0.546666667,1261.17,120.04,8.571757536,760.9189189,0.27,0.137,0.104,0,30,1.9,226.15,2.85
49635129,1005.153846,27.10769231,0.225,1481.23,111.2708333,8.619101067,862.7678571,0,0.018,0.077,0,4,0.79,226.15,1.13
269372587,1649.4,21.39222222,2.001481481,2031.49,124.9507576,4.667158273,861.1558442,0.128,0.014,0.136,0.001,109,3.4,873.41,1.51
168375881,1647.156977,21.48662791,1.825581395,2050.6,124.245509,3.973889883,890.078125,0.093,0.013,0.145,0,80,2.1,873.41,2.13
6512901,1684.166667,21.36666667,1.95,2195.86,122.75,3.486482501,879.875,0,0.004,0.203,0,144,0.76,873.41,1.15
6230020,1731.142857,20.97142857,2.028571429,2159,118.3333333,4.725350261,876.875,0,0,0.388,0,240,0.41,1077.54,2.14
24722907,1081.807692,21.78846154,2.976923077,638.16,127.3043478,5.082852433,111.6206897,0.753,0.104,0.072,0.018,13,3.3,243.13,1.53
10735375,1269.090909,18.67272727,3.272727273,1215,126.5454545,8.691254759,147.1,0.313,0.033,0.207,0,,5.8,185.78,1.73
20605415,991.6666667,24.63333333,2.472222222,1261.68,135.6111111,4.549679832,677.8,0.809,0.044,0.114,0,90,5.1,1004.8,1.25
3199890,985.6666667,24.66666667,2.4,1295,134.3333333,3.528930211,665,0.68,0.041,0.263,0,155,2.4,1004.8,0.73
15050812,829.625,23.7625,6.675,525.75,145.2727273,2.62548458,60.6875,0.87,0.022,0.094,0.005,315,7.1,1053.27,1.39
950914286,1145.228571,23.62391534,2.354603175,868.94,131.3045455,9.164830182,717.7906336,0.633,0.043,0.127,0.006,160,1.7,905.99,49.63
8206515,1117.285714,23.21428571,3.414285714,1161.22,134,3.95247025,589.6666667,0.388,0.012,0.426,0,405,0.21,1060.54,3.37
9711124,1061.75,24.1125,1.825,717.36,128.6666667,8.509743907,817.8181818,0.489,0.031,0.17,0,99,2.4,557.09,1.38
5735444,1124,23.66666667,2.4,805.43,131.5,6.265018511,717.6,0.74,0.105,0.083,0,37,4.4,677.56,0.21
5277368,1255.4,23.16,1.6,1053.17,131.8,4.339696203,847.2857143,0.479,0.044,0.06,0,21,4.9,677.56,0.14
11725281,1094,24.1,1.636363636,839,131.8,7.960667629,815.1538462,0.686,0.044,0.159,0,79,3,586.78,1.15
22903963,1304.956522,22.32173913,2.947826087,1186.27,130.6666667,4.916046424,677.16,0.493,0.064,0.148,0,134,2.1,916.61,2.24
37630418,1343.710526,21.82631579,3.760526316,1287.72,135.5517241,3.536032876,563.2325581,0.599,0.096,0.167,0,180,2.6,1205.48,3.89
19071569,1308.388889,21.71666667,4.938888889,1100.44,138,5.680774737,358.1363636,0.721,0.122,0.088,0.004,175,3.9,883.19,1.48
35469668,634.6666667,30.54166667,-0.502777778,475.94,125.4705882,5.979300109,848.1219512,0.35,0.124,0.101,0.005,4,2.9,532.53,2.09
1679954921,619.5367734,30.44762752,-0.18291815,448.44,121.1176471,4.266325929,804.1111111,0.294,0.074,0.156,0.004,101,1.9,219.18,203.52
625297197,589.9552716,30.45782748,-0.666773163,529.35,121.8741611,6.692112845,897.4470752,0.308,0.103,0.046,0.002,35,3.2,261.98,21.66
4068237,661,30.16666667,-0.333333333,548.8,116.6666667,1.00421319,856.2,0.001,0.015,0.182,0,,1.4,193.75,1.42
23244688,568.48,30.812,0.048,357,123.2727273,4.061137352,760.3703704,0.407,0.242,0.072,0,,6.2,290.81,1.075
7440727,1768.75,19.8125,5.2875,1891.6,133.8333333,5.321160998,355.8571429,0.451,0.029,0.291,0,440,3.4,1310.32,1.5
1901077379,1868.531365,20.30152873,3.313442277,2153.79,124.1852058,8.062360342,658.1620626,0.23,0.015,0.123,0.01,185,1.2,1171.2,25.93
35648974,1861.692308,20.65897436,2.292307692,2096.6,124.7878788,3.734611303,823.2619048,0,0.001,0.155,0,107,1.3,1269.46,1.46
9238526,1848.1,20.73,2.04,2103.56,125.5555556,2.746949638,852.1666667,0,0,0.166,0,114,1,1269.46,1.09
59917517,2009.762712,20.26779661,1.591525424,3057.55,111.875,5.131806184,964.5652174,0,0.001,0.141,0,139,0.49,1189.89,1.04
19472734,1938,19.65789474,3.842105263,2805.57,129.9473684,10.53869102,566.2857143,0.11,0.005,0.128,0.013,155,1.9,1408.15,1.29
12197528,1870.166667,20.1,3.75,2112,128.8333333,4.529296394,655.7857143,0.034,0.061,0.125,0,98,3.8,1176.18,0.78
90031404,1626.847826,17.3423913,7.242391304,1575.62,137.8181818,2.810012886,54.35643564,0.176,0.096,0.168,0.052,215,2.8,1369.42,7.56
4587837,2403.6,19.88,1.76,4460.25,117,6.394428372,921.5,0,0,0.122,0,76,0.73,1049.17,0.22
20501307,2466.909091,19.78636364,2.654545455,3133.52,118.7142857,19.19112886,869.6086957,0.223,0.011,0.102,0,111,1.3,807.77,1.64
9070439,1382.777778,23.77777778,-2.555555556,1293.75,99.75,2.496454033,1547.363636,0,0,0.332,0,68,0.26,310.12,2.87
255668510,1914.474903,19.1949807,4.227799228,2502.04,127.7477876,9.766980802,542.3055556,0.161,0.006,0.15,0.02,310,1,1637.65,2.66
50203403,2002.64,19.804,2.832,2674.9,120.5365854,8.142504334,769.6181818,0.002,0.003,0.204,0,170,0.63,1450.97,1.22
7333509,1664,18.6875,6.2125,1463.14,129.375,3.704505769,192.1818182,0.093,0.015,0.238,0,360,,1771.17,1.37
10262907,1110.363636,25.25454545,-2.190909091,1004.11,108.125,5.26612434,1404.076923,0,0.004,0.199,0,70,0.33,323.55,1.91
183877389,937.2756757,25.77405405,-1.498918919,1314.88,106.3030303,8.608393143,1276.033175,0,0.005,0.243,0,80,0.23,300.11,33.02
28887720,1184.466667,22.74,0.033333333,1468.19,107.7916667,17.85077291,1132.533333,0.02,0.017,0.068,0,31,0.34,242.16,1.74
109910547,1714.100917,20.85321101,1.289908257,2402.06,111.6339286,20.29204056,956.255814,0.199,0.014,0.041,0.013,23,0.45,414.24,2.34
7990696,2278.875,16.65,6.7625,2369,136.5,8.01943655,192.4,0.703,0.009,0.141,0,45,3.5,613.56,1.18
8350117,2293,18.3,1.288888889,3360.3,110.2857143,9.835433233,1054.9,0,0.001,0.252,0,78,0.25,318.1,1.94
13649125,1906.25,19.10625,4.975,2005.93,131.0769231,14.03546,379.6875,0.266,0.009,0.142,0.006,170,1.2,1300.44,1.63
10588858,1746,18.79,6.4,1160,143.625,7.147353612,149.9230769,0.426,0.007,0.251,0.132,505,2.7,1454.5,2.62
154346584,2033.547771,20.27834395,2.894904459,2503.23,116.078125,12.03468475,761.0451977,0.147,0.002,0.121,0.001,,1,1152.55,8.98
120231013,2002.058333,21.83,0.164166667,2387.51,105.6016949,14.07750016,1183.964029,0.094,0.006,0.094,0.001,96,0.33,617.05,3.09
75351474,707.3733333,24.50133333,0.58,799.37,119.2205882,8.419571997,286.3176471,0.522,0.068,0.082,0.045,32,1.6,123.93,5.07
43994774,608.4090909,31.35454545,-4.85,1183.31,101.1818182,3.778315282,1014.340426,0,0.002,0.072,0,4,0.45,135.48,1.64
383075828,2133.286842,18.40605263,2.853947368,2410.16,115.9018987,20.38546817,758.4082569,0.214,0.018,0.115,0.028,78,0.6,314.98,39.01
9916611,2025.8,19.27,-0.41,3603.27,101.1818182,18.09704896,1287,0,0,0.106,0,68,,520.14,1.06
10374238,2242.777778,16.16666667,6.522222222,2335.2,127,12.60321772,235.9166667,0.144,0.005,0.137,0,98,3.7,658.3,1.36
6233088,2386.833333,17.4,4.066666667,3178.67,118.8,19.35345769,613.375,0.235,0.009,0.184,0,51,0.81,468.82,1.2
8759276,2535.5,15.8375,3.625,4555.88,112.75,9.721184039,742.7,0,0,0.198,0,155,0.35,636.11,1.08
234217581,1657.685106,19.55659574,0.240425532,2029.8,107.6696035,28.80837946,1180.684211,0.149,0,0.051,0.002,78,0.33,369.04,10.49
25428637,2238.5,14.75416667,5.995833333,2049.96,133.64,11.27424788,249.7857143,0.036,0.029,0.103,0.012,37,3.1,289.56,1.08
15550728,1997.8125,21.25625,-0.10625,3414.18,101.8666667,6.392928376,1234.588235,0,0,0.117,0,104,,940.29,1.26
14836084,1843.235294,22.34705882,-0.788235294,2642.33,102.6153846,7.658662722,1292.882353,0,0,0.213,0,135,0.26,527.91,1.9
41048118,1667.02439,22.91219512,0.085365854,1950.9,105.5357143,5.365098952,1119.913043,0,0.001,0.301,0,135,0.22,543,11.13
2795526,2315,15.55,3.3,2946.5,118.5,4.766150951,714,0,0,0.384,0,51,0.36,439.6,1.04
30114510,2015.966667,15.97666667,5.176666667,1843.22,134.7407407,13.78214847,331.9166667,0.532,0.081,0.051,0.048,4,2.8,381.43,1.41
9280964,1652.888889,18.78888889,1.633333333,2352.91,107.2,10.37120054,1000.666667,0,0,0.155,0,44,,356.31,1.45
39709327,1566.560976,16.01219512,5.936585366,1721.15,138.8857143,7.904367312,198.6444444,0.596,0.017,0.113,0.053,102,2.4,355.88,4.36
100945730,1191.683168,21.33267327,-0.669306931,1186.21,105.7941176,15.93321328,1247.535088,0.066,0.01,0.046,0,4,0.3,334.9,2.18
140554091,1997.811189,21.78111888,3.211888112,1619.2,123.4926471,18.56456196,611.8742138,0.498,0.044,0.042,0.03,77,1.5,636.56,4.05
9959087,2391.909091,20.42727273,0.745454546,3789,102.5,7.982845566,1038.818182,0,0,0.189,0,119,,588.68,1.7
11154326,2674.909091,19.56363636,2,4369.75,112.5,7.138634849,869.6,0,0,0.216,0,108,,805.21,1.8
74275055,2074.216216,21.35540541,0.613513514,3251.08,104.3770492,9.076930847,1072.627907,0.016,0,0.162,0,170,0.26,877.95,1.56
67529367,2197.892308,19.60461538,3.787692308,3108.35,124.3134328,12.79985239,607.4615385,0.222,0.009,0.106,0.006,119,1.2,1117.71,2.11
14929479,1934.6,18.50666667,5.84,1975.69,140.1428571,16.86463963,317.8888889,0.371,0.022,0.125,0.054,275,1.1,1274.68,1.64
18231996,2100.095238,17.55238095,7.423809524,1644.06,136.25,3.870765057,55.59090909,0.58,0.017,0.181,0.024,160,2.9,688.04,3.14
86797194,1016.102273,24.74204545,-0.015909091,1292.71,115.9756098,15.12641129,1009.888889,0.188,0.05,0.046,0.01,4,1.3,232.1,3.24
28388362,553.1,36.79333333,-3.343333333,460.69,116.0625,1.942741615,477.7741935,0.171,0.185,0.088,0,,4.8,134.69,1.67
23040889,533.125,36.85416667,-3.391666667,465.86,115.6818182,3.318159213,498.5925926,0.288,0.073,0.116,0,,3.6,116.9,1.01
17209099,569.5,35.2,-4.245,960.44,108.2307692,5.211997708,709.6666667,0,0.017,0.073,0,,1.2,117.68,1.11
88734464,439.6222222,38.92111111,-3.03,333.98,118.7761194,1.535185762,310.2268041,0.712,0.076,0.171,0,,3.2,153.97,10.28
81728996,486.0365854,38.4902439,-3.425609756,428.95,115.974359,1.798658207,397.9111111,0.135,0.038,0.068,0,4,3.7,111.13,2.35
14427310,475.1764706,26.65882353,-0.547058824,738.36,116.6153846,3.732929459,265.5789474,0,0.006,0.22,0,10,0.97,195.3,2.51
17032986,598.1333333,35.72666667,-3.2,770.94,114.9166667,2.709820274,388.8421053,0,0.135,0.186,0,,2.4,176.9,2.84
38043669,975.1794872,21.3025641,0.864102564,2257.32,110.969697,14.80759701,445.1860465,0.149,0.011,0.089,0,,0.74,312.52,1.35
8691222,855.75,21.8875,1.8625,1111.2,127,4.368879036,200.6363636,0.627,0.057,0.272,0.007,12,1.2,245.32,2.3
87669067,778.0588235,22.68235294,1.564705882,1042.98,122.9710145,8.942889127,213.5208333,0.536,0.099,0.134,0.028,17,1.9,238.23,10.25
50554189,533.42,23.438,-0.216,830.06,111.8979592,3.944144637,322.2033898,0.005,0.036,0.057,0,3,0.93,204.5,2.28
128492905,483.620155,26.96511628,-0.448837209,379.82,115.7540984,2.6163136,285.9383562,0.313,0.059,0.076,0,5,2.4,191.79,1.57
7505003,465.25,26.975,0.25,233,119,1.346088413,139.25,0.284,0.071,0.225,0,4,2.1,230.13,1.88
56014412,472.0714286,26.34821429,0.425,315.38,118.326087,1.865971403,131.4242424,0.496,0.069,0.21,0,4,2.3,168.97,7.51
16724194,2091.6875,20.375,2.8125,2679.25,108.35,17.97793206,418.9444444,0.067,0,0.099,0,39,0.21,298.66,1.39
33681275,1733.90625,18.484375,5.765625,1631.09,141.8235294,5.081901101,260.2564103,0.149,0.031,0.077,0.086,720,3.3,1180.68,0.53
14043058,1027.285714,22.67142857,3.221428571,985.67,130.9333333,7.43715069,374.1111111,0.359,0.161,0.073,0,12,4.9,327.03,0.8
850255,814,28.8,4.7,612,140,1.562453389,205,0.838,0,0.129,0.003,21,5.9,704.51,0.1
21581651,816.5,28.50454545,4.677272727,576.92,140.1304348,1.788993841,219.6538462,0.817,0.021,0.07,0.057,17,6.9,704.51,0.53
5700166,801,28.275,4.225,498.5,143.75,1.479902096,288.25,0.725,0.136,0.027,0,46,14.4,678.43,0.09
460965,796,28.2,4.4,510,143,0.4600178,290,0.678,0.212,0.114,0,46,11.7,678.43,0.05
2000194,811,27.86666667,4.666666667,522,145,4.946386099,209,0.912,0.031,0.05,0,60,11.1,780.94,0.04
386692,830,27.4,4.4,555,145,5.694087029,264,0.763,0,0.246,0,29,5.1,754.28,0.07
4690382,817.3333333,26.6,5.333333333,437.86,145.25,1.015151346,207,0.867,0.063,0.068,0,76,8.7,750.03,0.2
1529708,789.5,26.5,5.75,388,148,1.515871108,161,0.941,0,0.052,0.005,86,14.5,836.33,0.07
,,,,,,,,,,,,4250,14,847.15,0.05
6088612,772.3333333,25.26666667,6.55,360.29,135,1.262705582,45.85714286,0.381,0.004,0.388,0.085,80,4.7,640.76,2.25
586526,800,26.4,5.6,396,148,0.466565043,146,0.891,0,0.128,0,56,10.6,823.98,0.07
599121,796,26.1,5.9,406,144,2.0828619,117,0.542,0,0.15,0.313,55,9.3,908.8,0.05
4342248,821,25.66,5.6,439.5,146.25,1.357118261,201.4,0.819,0.087,0.094,0,73,6.6,904.89,0.21
5646230,826.8333333,25.21666667,5.75,409.5,145.2,1.979910483,204.5,0.808,0.126,0.062,0.002,90,10,904.89,0.12
103220135,650.754902,30.25686275,2.691176471,445.13,139.1176471,4.322409209,397.9663866,0.854,0.102,0.013,0.027,18,6.4,575.61,1.17
14615413,664.6428571,30.10714286,2.792857143,383.21,135.7333333,4.662109044,399.7777778,0.855,0.128,0.014,0.001,9,6.4,474.91,0.16
1951259,721,29.8,2.3,455,136,4.012281656,500,0.776,0.113,0.07,0,54,9.3,527.41,0.16
8794847,694.4,29.89,3.3,281.25,143.25,3.513124812,374.6,0.92,0.06,0.021,0,13,9.8,480.18,0.19
19114580,710.3684211,29.75789474,2.810526316,409.3,137.2857143,3.813301019,451.2727273,0.84,0.114,0.044,0,46,9,484.73,0.07
87542856,707.2022472,29.72921348,3.064044944,358.21,138.4222222,4.234079811,401.3469388,0.875,0.093,0.029,0.001,50,8.4,484.73,1.07
13955732,712.1428571,29.67142857,3.1,357.86,136.9333333,3.05303247,390,0.876,0.105,0.02,0,31,12.5,491.51,0.05
3147261,740.5,29.8,3.25,429,140.6666667,4.013177454,340.75,0.871,0.098,0.031,0,39,10.1,597.75,0.05
1779056,752.3333333,30.06666667,2.433333333,544.5,137.5,3.027014613,490,0.814,0.018,0.157,0,29,3.9,439.9,0.1
1578055,740.5,30,3.3,436,137,3.641246557,348,0.925,0.048,0.029,0,47,4.4,660.09,0.07
840135,754,30,2.9,504,138,3.413413286,408,0.756,0.113,0.101,0,55,5.2,439.9,0.11
293158988,727.7,30.01103448,3.224827586,374.14,139.1023891,4.486133534,353.6093294,0.876,0.059,0.026,0.028,63,9.1,560.67,0.28
1188203,778,29.5,2.6,450,138,1.375432014,480.5,0.724,0.24,0.048,0,14,8,531.24,0.06
840242,750,29.5,4.3,290,139,6.491906166,267,0.934,0,0.068,0,5,5.1,630.38,0.07
4862257,744.75,29.4,4.4,273.2,143.1666667,4.388184445,209.1428571,0.877,0.001,0.03,0.078,19,6.4,630.38,0.13
5819445,734.4285714,29.37142857,3.257142857,581.86,140.4,3.885302305,386.8333333,0.833,0.103,0.066,0,33,9.6,680.93,0.18
1570065,749,29.35,3.2,358.5,,1.441187799,393.5,0.629,0.005,0.368,0,39,2.8,561.79,0.59
29863935,750.962963,29.40740741,3.785185185,331.93,141.2258065,5.781249317,321.875,0.824,0.06,0.055,0.051,6,9.8,531.24,0.06
2356950,787,29.8,4.2,354.33,140,0.903505147,222,0.714,0.015,0.013,0.142,44,5.6,491.65,0.05
35264639,776.4444444,28.98333333,3.661111111,479.94,139.53125,1.980229922,344.2380952,0.798,0.138,0.015,0,,9.8,506.29,1.19
19759279,790.4285714,28.93333333,3.780952381,510.6,141,2.571921388,314.5,0.799,0.131,0.061,0.005,33,12.5,506.29,0.51
407248319,727.3703704,29.16123457,3.830864198,499.4,142.9867021,3.416058756,304.5442765,0.635,0.036,0.068,0.013,109,9.4,531.33,0.61
6879740,727.5714286,28.95714286,4.157142857,464.33,144.25,1.99076582,271,0.874,0.052,0.055,0.007,38,12.1,531.33,0.13
630788,793,28.7,4.6,405,139,2.357325077,218,0.86,0.052,0.075,0,21,9.1,566.78,0.05
675120,679,31.4,1.7,536,134,2.953355074,564,0.63,0.281,0.067,0,7,8.2,478.31,0.05
580657,701,31,1.6,607,137,3.622922659,580,0.603,0.293,0.108,0,12,8.3,511.31,0.04
562846,735,30.9,1.5,562,136,2.516148806,623,0.871,0.058,0.115,0,12,5.5,509.55,0.05
1542226,746,30,1.4,561.5,135.5,4.590870261,660,0.742,0.219,0.039,0,86,10.6,390.48,0.05
11507852,740.1666667,30.08333333,1.891666667,561.75,137,3.900362857,590.4666667,0.756,0.125,0.112,0,63,5.1,390.48,0.14
5370947,738.5,30.16666667,3.25,525.6,139.2,11.38499439,289.1428571,0.891,0.009,0.017,0.041,165,4.7,439.9,0.09
2448140,806.5,29.25,2.05,646,140,4.085843245,616.3333333,0.876,0.043,0.071,0,37,5.5,460.55,0.06
4022074,791.6666667,28.9,4.166666667,976.17,138,3.973677784,342.75,0.858,0.03,0.119,0.001,30,4,735.1,0.42
4156646,821.25,28.4,2.325,635.5,137.3333333,3.850157499,653.5,0.825,0.075,0.104,0,47,5.1,693.66,0.17
1286584,790,27.9,5.4,479,140,2.153867483,161,0.855,0.039,0.062,0.012,4,9.3,674.76,0.06
35592174,766.1428571,27.93714286,4.862857143,569.94,142.6666667,5.444124578,258.255814,0.747,0.022,0.035,0.095,885,4.5,878.85,0.13
5430909,792.6,25.5,4.94,778,143.1666667,3.774926526,333.2857143,0.914,0.069,0.018,0,96,6.9,455.47,0.04
3293574,784.6666667,25.3,5.3,795.67,144.6666667,2.989681387,334.2,0.955,0.017,0.027,0,,4,844.41,0.06
3570257,740.2,24.14,6.7,521.67,145,0.960157653,95.66666667,0.808,0.031,0.047,0.106,765,9.5,1099.03,0.25
718557,810,29,1.4,651,137,8.888854027,744,0.786,0.035,0.17,0,46,4.6,616.25,0.06
1272643,786,28.6,2.9,610,141,0.768167704,528,0.843,0.084,0.071,0,38,8.5,591.21,0.1
1771726,741,28.3,4.85,374.5,143,7.939185262,263,0.886,0.006,0.083,0,47,5,680.23,0.13
347621,820,27.9,2.4,852,133,6.185330391,690,0.841,0.079,0.079,0,46,7,633.91,0.04
1973518,753,27.85,4.55,521,140,3.33276999,292,0.941,0.014,0.044,0,48,9.2,605.63,0.07
1418437,815,27.1,3.35,972,138,2.066749136,434.6666667,0.92,0.033,0.053,0,15,4.5,637.04,0.06
12604979,792.3333333,27.55,3.608333333,377.36,138.1666667,6.378933413,424.8571429,0.959,0.018,0.018,0,38,9.8,811.47,0.06
4355715,816,27.1,3.26,717,134.75,4.469868422,475.75,0.906,0.079,0.015,0,3,9.7,679.12,0.04
545252,874,26.5,2.3,1366,135,7.160534382,810,0,0,0.092,0,54,7.5,679.12,0.05
1482078,838.5,26.5,3.2,848,136,2.528344154,556,0.835,0.079,0.093,0,50,7.2,708.88,0.14
664779,836,26.4,3.4,830,137,2.029757977,551,0.636,0.064,0.286,0,205,5.1,708.88,0.17
7545153,824.8888889,26.32222222,3.922222222,433.57,144.1428571,17.75400212,516,0.822,0.007,0.037,0,68,5.2,497.01,0.25
59182708,826.5892857,25.08214286,5.45,378.7,143.5084746,4.250780751,216.5454545,0.899,0.025,0.072,0.002,165,4.9,598.25,1.09
27839781,838.5925926,25.26666667,5.003703704,407.24,142.9310345,6.193844722,272.2258065,0.915,0.01,0.074,0,205,4.6,598.25,0.72
3248853,835.3333333,24.76666667,5.466666667,788,144.5,3.650159359,236.6666667,0.957,0.019,0.023,0,72,6.5,665.26,0.04
2447775,743,23.95,7,486.33,134,3.565554857,76.5,0.552,0.038,0.035,0.035,320,10.1,1146.8,0.09
557159,728,31.4,0.7,411,134,2.127360821,790,0.682,0.063,0.269,0,4,3.5,506.17,0.15
8719127,730.3636364,31.21818182,0.918181818,615.67,134.25,2.379173332,717.7777778,0.768,0.142,0.088,0,6,6.1,515.93,0.49
615555,737,31.1,2,680,131,12.40635109,600,0.861,0.069,0.069,0,8,7.1,606.76,0.04
764188,826,29.4,-0.3,1031,132,9.899160385,985,0.232,0.108,0.2,0,17,4.4,529.86,0.14
30240275,777.46875,30.18125,1.390625,797.1,134,7.086438417,701.9166667,0.706,0.05,0.047,0,25,8.6,542.68,0.29
4266295,736.2,30.56,3,497,139.6666667,11.85995134,333.3333333,0.948,0.004,0.046,0,68,7.5,556.79,0.17
789255,814,24.5,6.4,582,144,1.457199365,75.5,0.687,0.06,0.114,0.13,225,11.6,974.01,0.06
2231935,1232.5,22.95,2.5,1124,133,3.581570307,754.3333333,0.728,0.125,0.12,0,44,4,757.64,0.17
9101308,1781.285714,21.18571429,1.542857143,2310.89,118.5555556,5.343889435,923,0,0.001,0.097,0,56,1.6,894.4,0.22
1442755,1682,21.5,1.3,2127,121,4.574948072,962,0,0.009,0.21,0,67,1.1,820.65,0.19
6666854,1825.166667,21,1.3,2245.83,117.3333333,6.307871103,997.375,0,0,0.05,0,90,1.4,894.4,0.14
62539200,801.5357143,24.30892857,6.260714286,626.33,146.1016949,2.376948903,121.4266667,0.878,0.02,0.088,0.005,320,5.4,828.73,0.84
5904814,1718.4,21.36,1.66,2233.43,122.2857143,2.388475498,905.5,0,0.006,0.153,0,85,1.5,894.4,0.08
514596,1025,23.7,4.2,878,137,2.493639469,482,0.719,0,0.287,0,38,1.7,937.33,0.15
425149,1205,22.9,2.9,1311,132,4.100841522,758,0.694,0,0.112,0,46,4.3,664.83,0.04
2136343,832,24.1,6.4,645,148,2.566506306,82.33333333,0.755,0.008,0.033,0.171,520,8.1,828.73,0.07
1279909,1248,22.65,2.85,1283.5,130,10.81424236,695,0.467,0.053,0.213,0,69,2.7,757.64,0.22
3085141,862.6,24.02,5.98,656,148,4.35403347,175.75,0.912,0.024,0.064,0,170,6.9,946.94,0.18
350023,980,23.6,5.7,724,139,1.954613566,224,0.7,0.157,0.129,0,77,7.7,1062.34,0.04
12256800,1650.75,21.38333333,2.216666667,1975.71,126.1818182,4.682756296,842.0769231,0.178,0.003,0.146,0,72,2.5,873.41,0.24
371887,1738,21.1,1.7,2072,119,4.375218868,899,0,0,0.134,0,80,1.3,980.49,0.05
4197399,1173.333333,22.86666667,3.633333333,1175.67,134,6.064902067,554.8571429,0.77,0.102,0.089,0,117,4.2,928.91,0.1
6336526,1032.142857,23.32857143,5.185714286,884.67,142,3.981875229,294.8,0.872,0.06,0.036,0,64,5.6,1062.34,0.16
4885944,1756.2,20.98,1.64,2312.25,118.2,2.702470496,952.75,0,0,0.205,0,150,0.62,980.49,0.56
479564,1070,23.1,5.2,963,136,11.29429626,263,0.876,0,0.136,0,104,2.8,928.91,0.06
18825774,860.7,23.69,6.695,468.18,146.8333333,2.934943336,58.45833333,0.779,0.005,0.16,0.01,330,4.5,946.94,2.45
1799433,1352.5,22.1,2.8,913,132.5,13.09063133,671,0.354,0.065,0.149,0,59,4,916.61,0.04
6612030,909.6666667,23.61666667,6.183333333,607.75,146.3333333,2.33137805,150.5,0.855,0.037,0.106,0,170,5.2,946.94,0.68
1156341,1580.5,21.5,2.5,1884,132,3.305068851,835.5,0.179,0.035,0.117,0,85,4.3,873.41,0.13
7503063,938.375,23.55,5.9625,702.5,146.875,1.985406947,197.4,0.881,0.04,0.03,0.041,109,9.5,990.74,0.12
664532,1312,22.2,3.2,814,,1.568380475,547,0.673,0.041,0.147,0,90,2.2,916.61,0.08
13858491,1472.071429,21.67857143,2.735714286,1275.57,129.6153846,4.968504183,730.5,0.395,0.027,0.091,0,75,3.9,796.18,0.59
522431,950,23.5,5.9,610,148,2.156599522,185,0.723,0.005,0.249,0,59,3.6,990.74,0.14
11192251,956.9166667,23.49166667,5.85,651.67,146.2222222,1.371583995,196.4545455,0.832,0.052,0.092,0.017,98,7.8,990.74,0.44
755164,1028,23.1,6.2,763,146,3.443641961,168.5,0.924,0.013,0.056,0,25,4.3,912.4,0.04
377011,1317,22.2,3.5,1427,,0.969332397,605,0.099,0.04,0.206,0,86,4.1,1205.48,0.04
2587270,1798.5,20.65,2.75,2264.5,121,3.054977735,782.6666667,0.038,0.015,0.117,0,85,3.5,1077.54,0.13
6103380,1820,20.55714286,2.671428571,1977.33,124,7.477235397,768.3333333,0.076,0.048,0.061,0,93,4.9,1249.43,0.05
1253794,953,23.5,5.9,675,148.5,1.438794374,207,0.837,0.064,0.05,0.03,78,10,1128.99,0.11
999746,951,23.5,6,668,147,4.411575556,191.5,0.893,0.025,0.068,0.005,102,9.6,1128.99,0.06
8695825,1032.2,23.07,5.71,911.5,146.5,4.078161776,247.5,0.846,0.061,0.086,0.009,89,6.7,1111.96,0.3
3360596,1766.6,20.72,2.24,2275.33,120.75,5.687707126,804.25,0,0.007,0.153,0,119,3.2,1077.54,0.08
1421003,1442,21.5,3.8,1206.5,131.5,3.463922024,548.5,0.413,0.322,0.113,0,64,6,927.21,0.09
5722583,1127.333333,22.55,5.7,719.5,140.2857143,4.104101688,229.75,0.836,0.096,0.059,0.006,62,5.5,912.4,0.29
941629,1014,23,6.2,791,147,2.978478432,169,0.754,0.011,0.239,0,235,4.9,1128.99,0.09
7180927,1729,20.68333333,2.883333333,2338,125.8,3.809367955,742.125,0,0.054,0.167,0,150,3.9,1123.77,0.85
1372510,918.5,23.15,6.9,568,148,2.878890514,20,0.849,0.004,0.138,0,99,5.7,1045.13,0.21
2462156,1036.5,22.95,5.95,866,150.5,3.333591859,177,0.914,0.06,0.027,0,90,8.4,1045.13,0.07
6649209,1327.571429,21.81428571,4.085714286,1192.14,133.75,3.163754106,517.7777778,0.544,0.086,0.22,0,,3.9,883.19,0.22
2372769,1781,20.5,2.8,2023.67,126.3333333,3.723223686,650,0.093,0.076,0.034,0,68,6.2,1123.77,0.07
1689665,1701.5,20.6,3.15,2143,128,3.302776337,691,0.191,0.104,0.146,0,121,4.7,1123.77,0.23
6730437,1656,20.68333333,3.583333333,1713.71,130,6.472186989,590.3333333,0.177,0.123,0.131,0,86,5.8,601.4,0.83
10468152,1212.636364,22.02727273,5.8,1155.11,146.9,4.977059633,173.0833333,0.824,0.023,0.13,0.017,215,3.7,1246.8,1.26
4345781,1469,20.85,4.8,1327.75,136.8,0.733184946,421.6,0.586,0.291,0.109,0,51,6.4,1087.82,0.2
3603963,1332,21.6,5.233333333,1210,140.5,1.154868623,346.6666667,0.784,0.15,0.056,0.001,99,7.7,1198.97,0.07
880383,1721,20.2,5.4,1468,136,2.267588377,302,0.755,0.088,0.148,0,109,7.9,1310.32,0.09
4645368,1373.5,21.075,5.375,1312.5,143,3.335889647,293.5,0.829,0.136,0.032,0,51,7.1,1128.46,0.06
971728,1349.5,21.5,5.2,1267.5,143,1.568039179,313,0.841,0.087,0.057,0,73,9.9,1198.97,0.07
1239120,1484,20.45,5.3,1166,145,4.015660524,370,0.878,0.079,0.042,0,30,4,1405.1,0.05
507010,1700,19.9,4.7,1814,139,4.06483078,451,0.873,0,0.133,0,136,2.2,1099.27,0.1
216828,1427,20.4,5.8,1059,148,5.29777956,317,0.692,0.035,0.242,0,76,4.8,1405.1,0.05
4765144,1689.5,19.86666667,4.85,1832,139.5,3.502548774,415.3333333,0.749,0.02,0.07,0,64,4.9,1099.27,0.1
362322,1432,20.3,6.1,981,141,1.633141518,160,0.649,0.193,0.103,0,220,5.6,1344.64,0.06
608739,1398,20.3,6.2,963,146,3.802846432,221,0.805,0.066,0.123,0,109,5.4,1381.31,0.06
1068217,1401.5,20.35,6,1132,146,3.296275377,241,0.859,0.087,0.056,0,122,6.4,1381.31,0.05
3913922,1644,19.8,5.666666667,1544.25,141.6666667,5.152212858,252.75,0.685,0.093,0.083,0,117,3.9,1497.1,0.11
721245,1424,20.2,6.1,1051,139,2.231738567,237,0.752,0.163,0.073,0.021,245,7.5,1344.64,0.05
1772142,1592,19.8,6.05,1324.33,142.6666667,4.764232159,144,0.77,0.095,0.113,0.018,180,2.4,1497.1,0.21
6568563,1276.625,20.4375,7.225,747,148.4,1.417109357,45.57142857,0.797,0.002,0.095,0.042,185,3.8,1285.44,0.33
18251038,1404.277778,20.05,6.411111111,947.2,144.3157895,3.527163157,181.7142857,0.81,0.072,0.069,0.008,230,4.7,1918.44,0.57
635852,1478,19.9,6.3,975,145,3.381376505,224,0.716,0.02,0.106,0.071,285,3.1,1806.28,0.06
1579828,2547.5,16,2.35,5498,105,13.6180563,790,0,0,0.298,0,132,0.21,496.15,0.45
1992435,1446,19.9,6.7,1027.33,146.3333333,4.913502932,126.5,0.819,0.023,0.089,0.031,235,1.9,1806.28,0.04
464468,1571,23.7,-1.8,1333,110,0.54782933,1392,0,0,0.194,0,17,0.32,474.9,0.08
4444280,1821.75,22.6,-1.575,1862,100.8,4.824036217,1427.2,0,0,0.026,0,110,0.55,622.68,0.04
2761896,972.25,26.225,-0.9,1202,126,4.954789042,1150.75,0.001,0.006,0.11,0,4,1.8,475.7,0.09
804715,1311,24.5,-1.9,1093,113,1.979828358,1398,0,0,0.221,0,19,0.61,443.14,0.24
371340,971,26.2,-1,1222,125,19.01307869,1185,0,0,0.229,0,8,1.5,475.7,0.09
559198,976,26.1,-0.7,1242,122,3.179473639,1179,0,0,0.188,0,8,1.3,482.73,0.08
441866,981,26.1,-0.8,1197,123,3.500945568,1172,0,0,0.13,0,8,2.1,482.73,0.05
2780266,1262.5,24.5,-2.15,1130,112.3333333,3.174092054,1439.25,0,0,0.137,0,117,0.37,443.14,0.06
928887,1146,25,-1.6,1045,121,4.317664146,1353,0,0,0.17,0,79,0.34,555.63,0.15
989016,956,26.2,-0.4,1169,124,3.230690718,1093,0,0.018,0.048,0,13,4.8,475.7,0.06
480220,981,26.3,-1.1,1110,130,4.723800182,1213,0,0,0.135,0,8,1.4,554.98,0.06
800695,950,26.5,-0.6,952,133,8.739766121,1163,0.628,0.215,0.156,0,8,3.7,554.98,0.15
640342,872,27,0.7,1078,129,15.56336403,933,0.387,0.008,0.094,0,,3.1,474.08,0.07
1863177,1291,24.6,-0.8,1267.5,115.5,12.73982525,1225,0,0.03,0.118,0,6,0.87,477.17,0.21
30582808,946.4137931,26.23793103,-0.044827586,1199.23,128.0689655,6.981935108,1042.054054,0.369,0.026,0.095,0,37,2.3,474.08,1.05
2155298,1022.5,25.55,-0.85,1385,126,3.590046485,1182,0,0.05,0.038,0,6,2,500.39,0.05
1367571,998,25.6,-0.3,1023,130,4.139470577,1054,0.113,0.038,0.042,0,,3.1,500.39,0.06
924974,1813,22.5,-0.5,2491,101,8.676329613,1249,0,0,0.097,0,87,,527.91,0.08
15020109,1030,25.42,-0.773333333,1299.2,127,7.018376186,1159.9375,0.032,0.036,0.045,0,12,2.1,500.39,0.07
9323360,897.8888889,27.15555556,0.455555556,662.22,130.7,13.42685032,1019.5,0.241,0.012,0.074,0,55,3.7,619.62,0.6
2493136,1087,25,-1.3,897,125.3333333,6.458707571,1261,0,0.032,0.025,0,21,1.7,500.39,0.05
3811756,849.25,27.65,1.475,506,134.2,19.53324628,819.25,0.546,0.005,0.042,0,28,8.7,619.62,0.09
7018820,1015.875,25.45,-0.4375,841,126.875,10.49241898,1189.777778,0,0.08,0.036,0,17,3.2,561.37,0.18
2172989,1213.5,24.7,0.35,1223.5,124,27.79489009,1083,0.093,0,0.121,0,6,0.49,668.14,0.1
543221,1289,24.3,1,903,127,6.315927029,848,0.833,0.06,0.087,0,4,1.8,668.14,0.04
3677463,888.25,26.65,1.175,852,133.25,5.32258122,836.6,0.712,0.024,0.118,0,42,6.1,664.31,0.15
849067,1609,23.1,0.1,1638,,2.582130909,1059.5,0,0,0.177,0,40,0.32,543,0.13
558567,1693,22.7,0,1849,103,2.904129028,1127,0,0,0.116,0,18,0.33,543,0.04
20387504,1375.285714,23.8047619,-0.657142857,1626.89,117.5652174,4.119165781,1208.416667,0,0.002,0.088,0,38,0.86,668.14,0.26
1815252,1000.5,25.15,1.95,880,133.5,7.18412892,687.3333333,0.876,0.041,0.08,0,19,7.3,515.41,0.14
13379938,1487,23.24285714,-1.185714286,1290.25,113.3333333,4.751848429,1324.3125,0,0.001,0.186,0,117,0.42,706.92,0.07
37296701,967.3611111,25.38055556,0.966666667,572.13,131.8108108,7.063749287,863.9555556,0.617,0.063,0.073,0.033,51,2.6,489.21,0.53
454596,999,25.2,0.6,643,134,4.050936222,848,0.627,0,0.104,0,10,2.7,563.87,0.06
1546577,1841,21.9,0,2507.5,101,7.571835518,1345,0,0,0.068,0,77,,941.21,0.07
3352432,1502.666667,23,-1.3,1902,113.25,21.45507685,1235.666667,0,0,0.081,0,93,0.35,766.3,0.1
1230535,1699,22.3,-0.1,2480,107,4.205438018,1189,0,0,0.24,0,110,,459.69,0.29
5836174,913.1428571,25.52857143,2.371428571,500,136.25,15.21832299,639.875,0.759,0.014,0.122,0,127,5.1,569.67,0.56
46256595,1012.959184,24.49183673,2.428571429,940.57,135.125,8.180546593,664.6226415,0.857,0.053,0.034,0.016,,6.5,545.71,1.18
2375412,1417,23.16666667,0.133333333,1785,113,4.351086775,1130,0,0,0.124,0,70,,766.3,0.17
1327163,954,25,2.2,477,131,22.18924999,751,0.942,0.032,0.023,0,12,6.5,554.61,0.05
2200969,1182,23.8,1.8,888,123,2.554377198,777,0.759,0.051,0.152,0,15,2.3,586.78,0.29
2452189,1833,21.7,0.25,2562.67,105.5,4.128877958,1168.333333,0,0,0.153,0,82,0.31,1027.28,0.19
10504191,1333.9,23.3,0.76,1243.91,122.8333333,7.119942188,1039.727273,0.427,0.012,0.106,0,42,0.85,1006.26,0.84
674265,1324,23.3,1,1446,121,8.745172501,887,0,0,0.044,0,36,0.96,1006.26,0.05
785187,1122,24,0.4,1695,133,4.588063717,987,0.366,0,0.115,0,33,2.5,469.53,0.08
786302,1808,21.7,1.5,2769,108,5.84237957,1088,0,0,0.079,0,54,0.72,939.27,0.05
4194544,1284.8,23.34,1.16,1215.33,127.25,3.982562145,935.3333333,0.362,0.003,0.347,0,140,0.55,1006.26,1.25
1986272,1122,24,0.4,1832,134,4.211186171,987,0.252,0,0.142,0,38,1.8,469.53,0.15
236857,1797,21.7,-0.4,2293,112,3.111000776,1283,0,0,0.327,0,135,0.28,770.9,0.08
1920380,1749,21.8,-0.2,2305.67,105,2.724672765,1251.333333,0,0,0.083,0,115,0.21,770.9,0.07
539960,1828,21.5,-0.2,2426,113,6.359873295,1256,0,0,0.162,0,91,0.21,770.9,0.08
2199694,1639,22.2,-0.05,1746,112.5,3.909942826,1220.666667,0,0,0.115,0,119,0.27,702.45,0.18
4626899,1833,21.48,-0.38,2412.75,108.75,3.703519762,1285.666667,0,0,0.135,0,70,0.21,770.9,0.2
2298787,1433.5,22.75,0.9,1973,130,6.340714455,1025,0.001,0.01,0.172,0,73,1.1,935.95,0.32
16393624,837.1111111,25.30555556,4.977777778,393.93,143.1666667,6.53972489,288.7894737,0.924,0.007,0.068,0,140,3.4,598.25,0.26
2042462,843,25.1,5.2,763,145,4.791751027,277,0.947,0.005,0.048,0,220,5.6,598.25,0.08
1666642,1307.5,22.9,1.35,1251,132,5.337620974,898,0.668,0.063,0.092,0,29,6,677.56,0.05
468597,1639,22,0.4,1456,118,13.74930382,1148,0,0,0.107,0,79,1.1,852.22,0.05
8640875,1539.909091,22.23636364,1.181818182,1179.44,120.75,8.479367733,973.2,0.286,0.023,0.046,0,63,2.5,852.22,0.11
7617818,835.875,24.9875,5.5875,660.67,143.375,3.89281778,228.125,0.945,0.018,0.039,0,150,7.3,813.64,0.08
4206676,925.8333333,24.63333333,4.366666667,1044.8,135,7.0708354,465.2,0.808,0.014,0.145,0,117,3.2,772.14,0.61
337119,942,24.6,3.9,992,140,4.046705246,472,0.764,0.052,0.171,0,57,5.3,772.14,0.05
597353,1015,24.4,2.8,1348,128,7.059197426,672,0.059,0.059,0.109,0,109,4.3,1078.92,0.04
4719052,1335.6,22.7,1.86,854.17,130.75,2.358271552,831.3333333,0.68,0.01,0.229,0,99,1.4,623.28,0.4
656082,1603,21.9,1.7,1333,120,1.679145455,865,0.023,0.008,0.126,0,80,1.5,852.22,0.08
2164175,1346,22.65,1.9,772,130,4.006561319,819.6666667,0.563,0.03,0.122,0,33,4.2,623.28,0.08
1904432,835,24.6,6,587,141,1.378112257,126.5,0.928,0.021,0.053,0,86,9.6,813.64,0.06
858899,984,24.2,4,863,138,3.007415533,482,0.751,0.108,0.148,0,81,4.1,1078.92,0.07
4795041,1197.4,23,2.6,1047,132,3.434685366,718.1428571,0.631,0.074,0.16,0,72,2.4,705.39,0.42
5445249,1459.6,23.2,-2.08,1403.8,102.6666667,9.498765862,1510.4,0,0,0.052,0,48,0.28,298.27,0.06
377428,1343,23.8,-3.1,1099,107,3.40079236,1560,0,0,0.152,0,18,0.55,389.17,0.06
5848182,1496.166667,23.05,-2.133333333,1410.6,99,2.996561732,1500,0,0,0.204,0,42,0.26,298.27,1.08
1048763,1490.5,23.2,-1.75,1429.5,100,5.050736904,1410,0,0,0.062,0,24,0.23,298.27,0.07
4052294,1133,25.26,-2.96,1091.2,103.25,4.374878049,1517.5,0,0,0.074,0,180,,323.55,0.07
1076027,1408,23.7,-2.4,1548,101.5,5.660655141,1525,0,0,0.181,0,42,0.25,310.12,0.17
5712503,1291.571429,24.28571429,-2.714285714,1052,102,3.335128784,1574.4,0,0,0.154,0,42,,348.21,0.26
10236272,1401.272727,23.76363636,-2.354545455,1528.22,103.2727273,6.230189369,1501.153846,0,0,0.133,0,32,0.34,310.12,0.4
722325,1406,23.7,-2.6,1587,100,1.629059076,1543,0,0,0.052,0,51,0.23,310.12,0.06
7069565,758.1666667,30.28333333,-0.466666667,546.71,133,5.970570385,1000.75,0.548,0.266,0.03,0.016,7,10.4,369.37,0.08
6882397,725,30.51666667,0.166666667,458.67,133.25,4.028763168,847.875,0.696,0.155,0.064,0.008,7,4.7,383.61,0.07
21037343,1526.047619,23.45238095,-1.966666667,1819.39,101.4444444,6.8023655,1448.304348,0,0.007,0.107,0,65,0.26,369.8,1.11
10381713,1550,23.34444444,-2.277777778,1845.18,99.14285714,3.660145134,1482.071429,0,0,0.168,0,72,,369.8,1.5
347849,776,29.4,-0.4,614,131,3.717431784,990,0.014,0.208,0.216,0.022,2,4,387.29,0.06
488663,1216,25.2,-1.4,988,113,9.272854805,1277,0,0.005,0.143,0,15,1.1,319.94,0.06
195798473,927.1295337,27.16735751,-0.804663212,784.36,121.5224719,6.929117106,1126.537445,0.182,0.08,0.114,0.012,29,3.1,393.52,1.34
14546324,1785.647059,22.55882353,-0.894117647,2420.29,104.1428571,10.37270596,1292.882353,0,0,0.136,0,91,,466.28,0.54
4233133,1515.75,23.6,-2.425,1985,100.25,3.609316468,1520,0,0,0.074,0,73,,369.8,0.25
23094916,1506.5,23.76363636,-1.972727273,1941.55,100.7272727,6.397681649,1452.607143,0,0,0.063,0,64,,369.8,0.26
5347217,1395.75,24.025,-3.15,1175.86,104.2,9.790875355,1589.5,0,0,0.076,0,105,,319.94,0.08
172728,1308,24.7,-2.2,1127,103,5.810500145,1660,0,0,0.289,0,79,,319.94,0.05
3730717,1564.8,23.58,-1.62,2721,100.75,6.903103542,1406.8,0,0,0.066,0,42,,346.48,0.05
966262,1500,23.4,-4.1,1326,101.5,20.1068058,1820,0,0,0.049,0,129,,427.43,0.07
1024972,770,29.7,-0.1,417,131,2.990756989,925,0.588,0.322,0.085,0,8,5,399.81,0.05
3623184,800,29,-0.375,532.5,131,2.653523588,1002.4,0.742,0.125,0.091,0,2,3.3,399.81,0.7
537587,790,29.3,-0.3,461,133,2.37331748,970,0.66,0.195,0.14,0,5,5,399.81,0.07
20820376,780.7777778,29.56111111,-0.2,426.25,132.2727273,4.000796126,955.5652174,0.728,0.211,0.043,0,11,4.5,399.81,0.06
3043884,847.5,28.15,-0.65,607.5,128.5,3.856073578,1090,0.598,0.039,0.215,0,3,2.1,422.11,0.63
284693,852,28.2,-0.9,591,129,3.533160686,1088,0,0.044,0.228,0,8,3.4,422.11,0.07
3899225,818,28.8,-0.633333333,517.33,129,3.769072215,1000,0.277,0.232,0.091,0,6,6.5,399.81,0.12
1679813,804,29.4,-0.5,566,134.5,6.276941419,968.25,0.488,0.17,0.204,0.004,,2.7,491.56,0.07
1422136,828,28.65,-0.55,462,129,5.833057404,1035,0.67,0.16,0.127,0,6,6.7,422.11,0.07
419772,1418,24.6,-1.8,1200,105,5.904655457,1280,0,0,0.119,0,29,,456.45,0.04
2453276,1299,25.2,-1.4,862.33,105.5,3.277852505,1310,0,0,0.097,0,16,0.22,456.45,0.08
9704357,1295.272727,25.3,-1.363636364,871,107.9,3.206227293,1233.833333,0,0.002,0.117,0,12,0.21,456.45,0.65
4892990,864.4,28.34,-1.14,587,127.6666667,4.696400523,1124.5,0.002,0.041,0.169,0,8,2,366.64,0.76
64958331,888.484375,27.6453125,-0.7046875,488.04,126.5151515,4.624587519,1085.959459,0.277,0.18,0.054,0.004,8,4.5,294.55,0.32
2662314,868,28.3,-1.2,520,127,7.421506703,1130.5,0.105,0.066,0.046,0,8,4.2,349.92,0.11
1211486,965,26.7,-1.1,657.5,122,3.741649032,1185,0,0.058,0.078,0,4,3.8,469.47,0.04
5064596,865.25,28.525,-1.15,688.5,129.6,6.986850023,1099,0.237,0.02,0.092,0,8,2.4,349.92,0.04
2947080,859.3333333,28.56666667,-0.9,785,130,3.979165912,1096.5,0.006,0.07,0.147,0,10,2.2,349.92,0.1
1579365,945,26.9,-1.5,821,120.5,1.322481632,1280,0,0.008,0.123,0,9,1.7,418.28,0.09
2451416,1034,26.2,-1.2,764.67,118.3333333,2.816187143,1218,0,0.023,0.05,0,4,2.1,419.2,0.09
33511192,1545.28125,24.13125,-1.440625,1050.15,109.7714286,2.118683781,1304.457143,0,0.057,0.08,0,28,1,580.13,1.07
21826287,969.9473684,26.65789474,-1.363157895,730.78,120.9230769,5.366760331,1191.583333,0,0.022,0.064,0,10,2,353.03,0.12
7253573,1235.5,25.4875,-1.3,790.43,115.8571429,2.215479526,1238,0,0.113,0.037,0,6,2.6,422.53,0.04
652447,1722,23.2,-1.5,1455,108,3.127532244,1347,0,0.034,0.18,0,38,0.42,554.54,0.11
4121760,819.3333333,29.1,0.1,577.75,133,2.897366095,891,0.533,0.061,0.062,0,16,8.3,502.9,0.07
2126945,1048.5,25.9,-1.9,770,119,2.02308394,1306,0,0.008,0.118,0,21,0.86,527.34,0.22
11799989,1027.2,26.15,-1.37,642.91,119.0769231,3.943522274,1228.785714,0,0.057,0.084,0,4,2.3,417.07,0.38
683436,1165,25.5,-1.9,753,116,4.012877464,1386,0,0.029,0.11,0,,1.7,417.07,0.07
6436716,1219.25,25.3125,-1.4875,828.75,116,1.68054126,1274.285714,0,0.05,0.078,0,,1.6,442.53,0.19
1407506,1563,23.8,-1.5,1150,107,1.023051977,1350,0,0.016,0.107,0,24,0.22,580.13,0.07
2210511,1152,25.2,-2.1,863,113,4.611955563,1362.333333,0,0.003,0.232,0,38,0.52,366.33,0.4
436121,1501,24.1,-1.7,1085,110,5.827181339,1371,0,0.034,0.178,0,7,0.44,511.7,0.07
3088609,1877,22.46666667,-1.766666667,2073.5,98.75,5.840871016,1459,0,0,0.153,0,72,,608.54,0.36
425536,1554,24,-1.2,995,111,5.755983353,1237,0,0.029,0.217,0,7,0.5,511.7,0.08
1764702,1133.5,25.45,-1.2,789,117,2.365155141,1221.666667,0,0.017,0.249,0,6,1,445.02,0.39
903041,957,26.5,-0.6,985,122,5.212762833,1104,0,0.03,0.055,0,,3.3,379.27,0.04
2924720,1982.666667,20.5,1.133333333,2865,111.3333333,5.146385352,1018,0,0,0.072,0,74,1.2,1139.14,0.11
2356143,2085,19.7,2.2,3625.33,116.6666667,3.014651616,798,0,0.001,0.137,0,80,0.88,1645.21,0.18
329959,2017,20.3,1.5,3063,111,1.673504114,1029,0,0,0.28,0,143,0.62,1189.89,0.09
2963549,1684,18.9,6.8,1165.6,138,3.601841211,79,0.467,0,0.131,0.067,460,2.7,1300.44,0.14
239844,2052,20.1,1.1,3750,,5.910877228,1043,0,0,0.292,0,134,0.46,1189.89,0.06
973467,2066,19.9,1.6,3509,118,15.00334072,1018,0,0,0.098,0,120,0.54,1189.89,0.06
3864387,1964.666667,19.16666667,4.466666667,2016.67,134.6666667,13.19011021,391.4,0.097,0.023,0.076,0.045,155,2.9,1300.44,0.07
1353528,2054,19.8,1.7,3392,113,8.567921162,953,0,0,0.15,0,119,0.6,1189.89,0.11
744863,1881,18.7,4.9,1948,138,5.28296566,458.5,0.148,0,0.168,0,124,1.2,1249.19,0.09
837552,2029,19.9,2,2828,118,8.249188423,913,0,0,0.066,0,110,1.3,1331.21,0.05
464192,2023,19.9,2.3,2892,115,5.134995937,869,0,0,0.129,0,128,1,1331.21,0.05
12920218,1973.769231,20.03076923,2.8,2258.14,119.9333333,5.945401951,771.2,0,0.001,0.203,0,102,1.3,1331.21,1.13
1518323,2064,19.25,2.35,3385.67,122.5,22.4632988,648,0,0,0.153,0,150,1.5,1450.97,0.06
720401,1704,18.5,6,1875,135,10.2981863,128,0.101,0,0.156,0,115,1.1,1180.68,0.13
4304495,1901.8,20.56,2,2255,122.5,5.091223526,868.2,0,0,0.096,0,106,1.3,1269.46,0.22
2761671,2024,19.26666667,3.066666667,3385.67,122.3333333,17.23808225,666,0,0,0.17,0,170,1.3,1450.97,0.1
694411,1998,19.1,3.5,2963,129,4.418397427,694,0,0,0.13,0,114,1.7,1249.19,0.1
387925,1982,20,2.8,2641,116,3.438568354,798,0,0,0.064,0,93,2,1331.21,0.06
10864389,2005.444444,19.83333333,2.6,2940.82,120.0909091,3.786743422,803.9166667,0,0.001,0.128,0,120,1.1,1331.21,0.06
3200926,1972.75,20,2.55,2584.5,124,3.757686059,760.3333333,0,0,0.107,0,119,1.2,1331.21,0.24
4174670,1936.75,20.125,3.175,2482.2,120,8.876669963,763.3333333,0.03,0,0.085,0,109,1.9,1331.21,0.07
20367357,1928.75,19.04,4.305,2322.47,127.4761905,12.22757025,511.5652174,0.141,0.015,0.107,0.025,230,1.2,1637.65,1.08
76176474,1403.2,17.90666667,6.938666667,1082.75,146.8571429,2.172561256,75.625,0.081,0.016,0.105,0.374,1375,5.4,1389.3,1.39
653156,1880,20.4,2.2,2254,127,5.727487087,769,0,0,0.184,0,81,1.7,1269.46,0.06
1576197,1881,18.8,4.7,2456.5,131.5,5.715970596,655,0.035,0.01,0.054,0,195,2.1,1637.65,0.06
470448,1997,19.5,3.2,3214,128,4.161995888,690,0,0.043,0.122,0,94,1.8,1588.43,0.05
756436,1755,18.9,6.2,1744,133,11.76002789,252,0.681,0.02,0.073,0.04,215,2.1,1637.65,0.05
2824560,1690,18.45,5.85,1837,138.6666667,2.066893637,267,0.259,0.017,0.001,0,108,3.3,1445.34,0.07
976450,1978,19.8,3,3167,123,9.339557648,762,0,0.005,0.154,0,115,1.5,1408.15,0.13
3585765,1627.333333,18.23333333,5.966666667,1969.33,136.2,3.692512989,280,0.003,0.013,0.123,0.01,137,2.4,1445.34,0.11
644186,1885,19.4,5.1,3399,126,1.635652542,690,0,0.019,0.171,0,119,1.8,1588.43,0.06
2998971,1799.666667,18.7,5.333333333,1817,135.5,7.669232368,367,0.129,0.014,0.037,0.01,240,2.6,1637.65,0.07
357567,1992,19.4,3.1,3238,129,6.726032257,682,0,0,0.224,0,175,1.3,1588.43,0.05
34870853,1719.837838,18.37027027,5.410810811,2107.76,136.8823529,5.191886102,331.6315789,0.213,0.027,0.118,0.043,445,1.7,1445.34,1.15
4349080,1960,19.55,3.625,3185.6,130.6,4.333233058,656.25,0.091,0.022,0.139,0,93,3.6,1588.43,0.05
999543,1876,20.1,3.6,2081.5,127,4.484325409,610.5,0.03,0.05,0.113,0,109,5.7,1249.43,0.07
1824044,1781,18.73333333,5.466666667,2520,141,15.97992134,402,0.038,0.003,0.084,0,124,1.8,1704.68,0.08
16197712,1863.529412,19.98823529,4.335294118,1900.5,129,7.450026851,504.3157895,0.33,0.04,0.04,0.011,60,4.8,1249.43,0.17
5049733,1652.6,18.32,5.94,2195.8,137.6666667,4.866264725,325,0.012,0.037,0.04,0,155,1.8,1526.89,0.14
221567,1923,19.6,3.8,2363,130,11.81502056,557,0,0,0.293,0,230,1.3,1349.75,0.07
1273425,1870,19.9,3.9,2108,127,1.745828748,593,0.014,0.126,0.141,0,81,4.5,1176.18,0.17
9101580,1846.875,19.25,5.125,2075.25,133.4285714,11.75644445,372.5555556,0.343,0,0.134,0,215,0.84,1832.28,0.25
1003838,1919,19.6,3.6,2621,132,7.696874619,560,0.007,0.03,0.122,0,129,1.7,1349.75,0.07
1060094,1446,18.2,7.2,1341,130,2.956856966,96,0.163,0.024,0.108,0,180,1.4,1526.89,0.07
4189630,1855.333333,18.96666667,4.766666667,2229.4,134.8,9.552037811,419.6,0.05,0.029,0.027,0,95,3,1832.28,0.07
797999,1873,19.6,4.4,2037,,1.709161758,441,0.107,0.022,0.269,0,155,1.2,1349.75,0.13
540436,1749,19.1,6.2,1759,134,7.449775696,349,0.042,0,0.125,0,129,1.9,1247.05,0.08
582551,1765,19.1,5.9,1680,139,1.48697269,246,0.627,0.009,0.137,0,142,0.51,1247.05,0.08
487031,1784,19.3,5.7,1720,,7.166761398,292,0.549,0.031,0.103,0,145,4.7,1572.87,0.04
344672,1650,19.4,7.1,1186,,5.449065208,-1,0.849,0.007,0.167,0,74,3.3,1746.46,0.07
1166531,1705,19.4,6.2,1339,,2.724159777,185.5,0.583,0.049,0.09,0.004,122,1.7,1830.61,0.06
5109455,1566.2,19.32,7.38,837.8,147.25,0.609107794,5.8,0.352,0.113,0.031,0.387,870,5.8,1935.43,0.18
256030,1564,19.3,7.1,783,145,3.649860621,44,0.664,0,0.244,0,210,2.7,1871.39,0.06
4610060,2116.75,18.325,6.6,2909.67,143.25,5.135385418,234,0.687,0.047,0.041,0.015,115,4.1,1092.4,0.05
16247035,2252.529412,18.41176471,5.823529412,3174.26,139.1176471,9.203116086,393.7222222,0.307,0.076,0.069,0.012,60,3.6,1092.4,0.16
644166,2448,19.7,0.6,4392,,4.464955807,1064,0,0,0.241,0,132,,851.49,0.15
5524722,2439.2,19.34,3.74,3311,130.3333333,14.24559471,660.5714286,0,0.026,0.129,0,40,1.5,999.39,0.56
1676147,1715,17.15,7.45,1657,140.5,0.989708811,45.5,0.398,0.046,0.049,0.004,89,6.2,1105.6,0.05
217501,1674,17.1,7.3,1667,139,4.034694195,8,0.839,0.023,0.138,0,60,9.2,1136.61,0.05
2080896,1634,16.85,7.4,1757,130.3333333,1.663208038,41.5,0.184,0.074,0.08,0.01,155,5,1136.61,0.06
13777161,1674,17.31538462,7.284615385,1845.25,139.3,2.906147242,45.8,0.289,0.092,0.14,0.054,235,3.6,1153.32,1.01
801058,1639,17.3,7.3,1710,140,1.550844431,8,0.003,0.122,0.237,0.137,220,5.9,1153.32,0.19
1812917,1654,17.5,7.3,1739.5,139.5,0.874273092,44,0.309,0.119,0.103,0.006,71,5.6,1153.32,0.12
13461121,1566.928571,17.34285714,7.264285714,1370.83,137,2.159758468,45.26666667,0.088,0.058,0.27,0.053,495,0.25,1369.42,0.05
2459135,1657.25,17.825,6.8,1688.5,139,4.353542209,111.5,0.709,0.012,0.129,0,,7.6,1077.68,0.25
1116182,1533,17.4,7.3,1382,137,1.378703058,83,0.002,0.045,0.211,0,73,2.5,855.55,0.24
558904,1870,18.2,5.5,2768,139,13.68436813,314,0.662,0.013,0.134,0,67,3.5,1275.58,0.07
1143818,1510,17.4,7.25,1348,139,1.655602813,26,0.514,0.015,0.144,0.002,62,7.1,855.55,0.14
235289,1463,17,7.4,1247,136,1.47649622,52,0,0.043,0.255,0,67,4.1,855.55,0.07
568320,1410,16.6,7.4,1190,143,1.026547432,60,0.044,0.035,0.233,0.145,245,5.3,1071.39,0.12
2057049,2001,19.2,4.3,2490,129,6.773542643,545.5,0.278,0.002,0.197,0,106,1.5,1299.61,0.35
3243289,1941,22.05,0.2,2839,101.5,14.804111,1086.5,0,0,0.026,0,72,,621.96,0.07
4351121,2126.6,21.22,0.08,3857.75,102.5,5.885297322,1191.2,0,0,0.171,0,,0.26,900.8,0.11
2636711,2210.333333,20.86666667,0.9,3975,105,7.915239334,967.5,0,0,0.069,0,119,0.36,728.89,0.04
1611110,2144.5,21.1,0,4173.5,102,10.98587108,1252.5,0,0,0.2,0,102,,900.8,0.19
794877,2304,20.3,1.9,4346,116,12.03417015,956,0,0,0.063,0,68,0.59,728.89,0.06
5663593,2254.4,20.5,1.34,4428.4,107.5,15.59460664,941,0,0.001,0.102,0,92,0.38,728.89,0.19
12652970,2100.181818,21.13636364,1.218181818,3316.25,109.6666667,14.67077798,970,0.017,0,0.071,0,110,0.3,877.95,0.07
923554,1931,21.7,-0.6,3517,107,6.391234636,1263.5,0,0,0.162,0,,,941.21,.
34824608,1853.676471,21.84705882,-0.188235294,2635.8,102.0740741,4.444523918,1214.102564,0,0,0.235,0,116,,940.29,0.58
7691008,2139.333333,20.06666667,3.933333333,2893.29,125,14.71449871,629.8,0.441,0.009,0.075,0,58,2.3,884,0.47
5930915,2050.4,20.68,3.28,2247,117.2,14.8755579,758.1666667,0.187,0.001,0.109,0,101,1.2,1059.26,0.23
1017128,1924.5,21.35,0.65,3000,102,2.51151967,1095,0,0,0.261,0,27,0.31,939.27,0.13
200108,2015,20.9,0.7,3022,103,0.25344488,1051,0,0,0.2,0,60,,1059.26,0.05
667424,2026,20,5.3,1365,138,7.95853281,275,0.813,0,0.184,0,55,1.5,1278.36,0.08
1011484,2034,20.8,1.3,3274,112,4.905502796,999,0,0,0.252,0,104,0.23,1059.26,0.23
9924123,1969.909091,20.96363636,0.136363636,3522.2,103.2727273,2.855423045,1188.2,0,0,0.141,0,82,,992.27,0.15
314367,1961,21,-0.1,3680,103,7.236999512,1147,0,0,0.247,0,72,0.21,992.27,0.04
1263623,1964,21,-0.1,3612,103,2.600671291,1230,0,0,0.18,0,63,,992.27,0.08
1127995,2097,20.15,1.5,3293,112,11.14781475,981,0,0,0.111,0,50,0.78,1184.26,0.04
724888,1971,20.9,0.7,3475,107,3.268303633,1078,0,0,0.066,0,96,0.22,992.27,0.08
807580,2000,20.7,1.2,3523,111,3.491299868,1020,0,0,0.05,0,116,0.31,1184.26,0.02
5307367,2019.8,20.62,1.2,3479.6,111.6,4.356228391,994.5,0,0,0.104,0,91,0.4,1184.26,0.08
373661,2030,20.6,0.7,3299,111,3.491299868,1020,0,0,0.308,0,135,0.21,1184.26,0.11
420444,1924,21,1.3,3112,109,0.30982998,894,0,0,0.232,0,116,0.28,992.27,0.08
857606,2039,20.6,0,4032,104,11.49304199,1057,0,0,0.166,0,123,,1166.06,0.1
929186,2063,19.4,3.6,2894,125,4.211644173,648,0,0,0.261,0,134,1.3,1299.61,0.22
442956,2094,19.9,2.5,3274,120,10.77589607,852,0,0,0.248,0,165,0.38,1132,0.12
1020548,2061.5,19.75,3.45,2953,125,7.323395967,725,0.029,0,0.154,0,50,1.3,1132,0.11
269386,2043,19.6,3.8,2522,121,10.8159256,727,0,0,0.195,0,125,0.76,1132,0.05
353062,1845,20.9,2.9,1997,123,11.09615612,707,0.545,0.042,0.312,0,89,1.8,1166.06,0.05
514518,2791,17.8,2.9,4275,120,3.830662012,760,0,0,0.17,0,52,0.71,711.64,0.1
2862152,2761.666667,18.13333333,2.433333333,4413.5,110,5.147251368,887.5,0,0,0.088,0,17,0.69,654.1,0.14
1673994,2688,17.4,4.3,4746,131,7.994167805,657,0,0.009,0.096,0,41,1.8,837.31,0.14
504792,2718,17.4,4.1,5091,127,8.890301704,657,0,0.01,0.193,0,67,1.5,837.31,0.11
2187713,2771.666667,17.96666667,2.466666667,4732,,2.161252737,861,0,0,0.11,0,121,,654.1,0.15
7656312,2600.8,18.87,1.41,3032.33,109.3333333,6.901953591,1002.444444,0.009,0,0.133,0,68,0.21,501.89,0.44
1442696,2268.5,17.1,6.7,2584.5,137,4.025130153,180,0.426,0.045,0.092,0,71,4.2,730.6,0.04
3870265,2768,18.2,2.075,4604,106.6666667,3.460635126,838.5,0,0,0.185,0,93,,654.1,0.07
1398415,2785,18.3,2.7,4249,106,4.066902399,821,0,0,0.098,0,83,,654.1,0.13
2275305,2813,18.1,3.5,4314.5,118,9.548735142,635,0.005,0,0.176,0,87,,711.64,0.16
4316067,2792.2,18.2,2.38,4621.33,108,4.402474443,830.5,0,0,0.171,0,39,0.63,654.1,0.06
182371,2331,17.7,7,2716,132,20.46054649,120,0.589,0,0.219,0,119,1.7,945.37,0.04
1123694,2746,17.8,4.5,4802,123,14.79882145,430,0.127,0,0.178,0,90,1.7,945.37,0.17
2605813,2060.5,17.2,7.45,1416.5,142.5,0.883880854,42.5,0.318,0.226,0.067,0.009,63,8.9,835.71,0.14
4055320,2051.666667,17.2,7.533333333,1380.17,142.25,1.007665865,37,0.202,0.194,0.046,0.07,295,15.4,835.71,0.18
2526510,1448,17.7,5,1692.5,141.75,1.107650097,28,0.56,0.027,0.123,0.147,250,5.9,1084.21,0.26
8436533,2508,18.1375,6.3625,3099.38,130.375,15.66425281,346.8,0.487,0.001,0.14,0.004,110,2,952.53,1.02
2096123,2201,18,7.6,2149,142.6666667,2.495777369,40.66666667,0.631,0,0.205,0.041,210,2.8,923.52,0.46
1256573,2746.5,18.85,1.5,4620,109,5.224663973,1008.5,0,0,0.06,0,28,0.31,859.27,0.06
294054,1950,17.3,7.8,1459,,0.254147917,10,0,0,0.221,0,8,5.9,887.1,0.05
500318,2324.5,18.2,6.85,2592,131,8.658439636,3,0.819,0,0.14,0,60,1.8,1293.99,0.07
10999320,2853.333333,19.01111111,4.788888889,3123.42,124.8333333,10.5572633,514.2307692,0.363,0.028,0.033,0.006,67,1.2,951.5,0.14
267258,2553,18.7,5.9,3456,128,19.17358017,349,0.281,0,0.196,0,106,0.94,1161.97,0.04
319979,2053,17.9,7.5,1933,131,0.35892266,22,0.398,0,0.133,0,54,3.9,1234.16,0.06
3374391,2477.75,20.075,5.325,2154.5,134.3333333,11.17396307,133.75,0.731,0.002,0.052,0.035,107,3.7,933.17,0.13
41204028,2628.925,19.0375,4.9925,4315.21,125.65,12.36801581,461.9782609,0.273,0.006,0.133,0.027,132,3,973.22,0.9
554176,2000,18,7.6,1936,,0,0,0.302,0.032,0.14,0.05,200,4.7,1301.93,0.07
263377,,,0,2699,139,5.94852066,253,0.797,0,0.18,0,325,2.3,973.22,0.05
228218,2418,20.3,4.1,2457,126,15.36248016,544,0.11,0.022,0.153,0,46,4.2,731.06,0.04
3485380,2447.5,19.95,0,3653,115,14.94678664,1234,0,0,0.148,0,67,1.2,807.77,0.29
2220293,2230,20.1,-0.35,2591,106,12.10884126,1248.666667,0,0,0.041,0,13,0.3,448.45,0.07
3014481,1910.333333,21.4,-1.3,1774.25,111,10.37676513,1363.25,0,0,0.043,0,67,0.25,441.4,0.04
192196,2531,19.7,1.3,4156,110,15.67160416,895,0,0,0.273,0,76,,531.89,0.04
2127661,2394,20.1,0.55,3786,108,12.22922087,1160,0,0,0.114,0,59,,689.28,0.1
437628,2475,19.9,0.4,4046,108,6.075280666,1180,0,0,0.189,0,15,,727.71,0.06
13330989,2176.285714,21.36428571,2.371428571,2286.42,120.1333333,12.28216492,696.5333333,0.281,0.031,0.05,0.002,18,1.3,636.56,0.61
1226799,2431.5,20,-0.25,4470,102.5,6.928137302,1180,0,0,0.155,0,59,,727.71,0.09
4223933,2410,20.2,-0.066666667,4443,100,9.085873048,1140.333333,0,0,0.088,0,94,,727.71,0.14
4432122,2429,20.26,0.48,4258.2,101.3333333,10.11318839,1055,0,0,0.074,0,66,,588.68,0.15
6750479,1900.875,22.375,-1.0625,2045,105,7.269744264,1329,0,0,0.069,0,50,0.47,627.43,0.21
3339337,2303,20.63333333,-0.8,3841.2,105,9.192877293,1397.8,0,0,0.079,0,63,0.33,541.57,0.09
451483,1850,22.6,-0.6,1772,108,6.020998001,1220,0,0,0.127,0,37,1,627.43,0.04
2045394,2342,20.6,0.2,3498,109.5,13.43723742,1146.666667,0,0,0.141,0,71,0.21,603.92,0.19
356381,1995,21.8,-1,2311,99,1.24535203,1413,0,0,0.21,0,77,,626.37,0.05
346258,2235,20.9,0.8,4006,105,11.98335552,1123,0,0,0.123,0,106,0.3,726.64,0.04
20704750,1993.590909,21.93181818,-1.327272727,2025.6,103,8.373224815,1417.291667,0,0.001,0.048,0,20,0.43,627.43,0.17
16459784,2424.133333,16.54666667,2.04,3875.17,106.8888889,30.63894558,803.3684211,0.125,0,0.017,0,77,0.28,446.32,0.27
21539949,2351.142857,16.94761905,2.261904762,3040.52,113.5454545,19.86666016,765.7916667,0.178,0.006,0.067,0,32,0.45,434.96,0.64
3526147,2436.666667,15.53333333,4.633333333,3744.5,124.6666667,4.954297185,520,0.182,0,0.103,0,165,1.1,457.5,0.19
444412,2532,15.9,3.6,4970,110,7.637648582,700,0,0,0.107,0,120,0.42,636.11,0.06
887394,2564,15.7,3.2,4279,117,5.139719486,672,0,0,0.054,0,120,0.57,457.5,0.04
856424,2575.5,15.85,2.95,4853,111,12.61715508,760,0,0,0.032,0,80,0.63,636.11,0.05
9273283,2333.25,15.6,5.7625,3144.25,128.3333333,9.895406875,312.1818182,0.496,0.006,0.072,0.003,71,3.2,457.5,0.1
1544593,2387,17.5,1.5,3733.5,110,3.936563015,1140,0,0,0.045,0,69,0.26,538.71,0.07
597618,2492,16.8,4.2,3082,125,8.299003601,460,0.092,0.008,0.1,0,16,2,580.89,0.06
2990636,2476,16.76666667,5.133333333,2530,132.3333333,16.22000408,285.5,0.276,0.025,0.022,0,5,2.7,557.55,0.05
584697,2658,16.6,2.8,4482,118,32.08485794,950,0,0,0.103,0,119,0.43,681.9,0.06
312160,2539,17.6,4.1,1737,127,9.630776405,540,0,0.04,0.096,0,2,3.6,648.88,0.02
4785515,1847.2,16.175,4.8,2741.5,129,21.75281448,273.6,0.019,0.001,0.086,0.015,102,3.1,658.3,0.27
1902793,2297,16.75,6.85,2008,137,7.270697713,58.75,0.841,0.017,0.139,0,21,5.4,798.93,0.25
453406,2603,17.7,2.2,3096,116,8.501072884,880,0,0,0.176,0,53,0.36,648.88,0.07
309006,2610,17.8,4.5,1939,,12.41851234,660,0.388,0,0.146,0,4,1.1,753.28,0.06
6661709,1960.5,16.61428571,5.8,2034.89,121.3333333,10.85797593,231.1428571,0.167,0.058,0.166,0,170,2.2,798.86,0.71
510073,2326,17,6.7,2471,135,4.282810211,100,0.598,0.034,0.123,0,93,5.3,712.04,0.06
1559215,2669,18.2,3.3,3162,124,16.44491959,910,0,0.053,0.042,0,,3.7,615.54,0.06
564795,2065,16.6,7.4,1459,120,2.047873735,3,0,0,0.173,0,135,2,931.62,0.09
654794,2041,16.5,7.4,1115,119,1.029324651,30,0,0,0.21,0,170,2.5,549.13,0.08
1344751,2770,17.95,3.5,3897.5,117,3.318149805,700,0,0,0.275,0,74,0.51,615.54,0.35
349126,2669,18.2,0.6,4579,107,8.196807861,1140,0,0,0.143,0,70,,615.54,0.04
3518586,2627.333333,18.46666667,1.166666667,3587,101.6666667,6.628645062,1091.5,0,0,0.126,0,90,,488.54,0.35
15861673,1292.3125,21.83125,-1.80625,1795.76,99.6,6.858227081,1469.722222,0,0,0.113,0,40,,304.12,0.65
4572483,1375.25,22.125,-3.775,1104.8,98.8,10.71600318,1751.2,0,0,0.123,0,82,,202.15,0.55
6380348,1313.6,22.18,-2.5,1619.14,98.33333333,12.12264185,1638.6,0,0,0.128,0,93,,304.12,0.17
1563727,2258,17.5,1.1,2731,115,22.16391373,1020,0,0,0.123,0,24,0.27,405.05,0.15
342187,1413,21.4,-1.4,2390,100,9.161973,1420,0,0,0.11,0,52,,270.93,0.05
2736580,2253,17.76666667,0.7,3253,105,15.9170777,1128.666667,0,0,0.06,0,38,,405.05,0.16
4164709,1148.2,23.8,-2.9,1271,113.5,17.05917721,1636,0,0.003,0.018,0,4,1,198.96,0.05
26225983,2003,18.80689655,2.1,2400.08,119.3333333,19.10236741,883.5862069,0.188,0.002,0.036,0.043,79,1,454.01,0.25
3544063,1604.5,20.575,-0.825,2636,99.33333333,14.38035488,1251.5,0,0,0.035,0,57,,434.42,0.09
4065344,1083.333333,23.96666667,-1.966666667,1375,104.5,9.602060676,1519.5,0,0,0.154,0,26,0.21,198.96,0.24
392167,1105,23.9,-1.8,1625,103,5.16821146,1470,0,0,0.229,0,5,0.35,182.49,0.13
991653,2027,19.1,-0.6,3346,103,16.41426086,1410,0,0,0.179,0,32,,454.01,0.15
2495325,2342,18.1,1.5,2526,119.5,28.17137146,890,0,0.012,0.098,0,41,0.32,314.98,0.21
1237130,2234,18.7,2.6,3323,106,15.30872631,1020,0,0,0.109,0,78,,318.1,0.06
291627,1238,23.2,-1.6,2009,103,3.144090176,1331,0,0,0.171,0,66,0.28,386.31,0.06
2200531,1312.333333,22.86666667,-2.033333333,1893,110.5,6.879042387,1490,0,0,0.114,0,7,0.27,386.31,0.23
1540580,1269,23,-1.7,1638,103,9.774181128,1428,0,0,0.057,0,74,,386.31,0.12
617786,1649,21.5,1.7,1551,116,17.26405334,860,0,0.028,0.182,0,1,1.6,414.24,0.04
1982117,1645,21.6,1.8,1592,116,18.91036797,720,0,0.034,0.136,0,1,2,414.24,0.14
3339181,1106,24.73333333,-1.566666667,1187.5,107.3333333,6.233047295,1290.8,0,0,0.125,0,13,0.24,348.19,0.33
2580248,1315,23.5,-1.8,1561.67,108.6666667,8.738034487,1355,0,0,0.056,0,26,0.25,331.48,0.09
1471503,1243,24.1,-2.3,1421,108,5.614565372,1460,0,0,0.059,0,,0.65,348.19,0.08
1073934,1094,25.3,-1.6,920,112,8.948857546,1380,0,0,0.116,0,,0.62,390,0.11
1489816,1027.5,23.7,-1.7,476,111,4.345880032,1300,0,0,0.097,0,,0.73,209.48,0.15
5267212,1091.4,24.64,-3.38,1409.2,101.8,12.03981376,1687.166667,0,0,0.13,0,102,,175.62,0.12
2798864,1192,24.33333333,-4.6,1206.67,98.66666667,7.77225697,1777,0,0,0.043,0,47,,175.62,0.08
77235560,1037.155844,25.4012987,-3.419480519,1238.88,103.4358974,13.61580164,1593.304348,0.006,0.001,0.043,0,4,0.62,184.25,0.05
7529794,1068.333333,24.82222222,-2.922222222,1924.75,100.2222222,7.423630834,1567.5,0,0,0.141,0,66,,147.9,0.61
2969362,1066,24.85,-3.1,1450.67,100.6666667,10.9134649,1634,0,0.003,0.107,0,43,,188.34,0.27
5475419,882.8333333,27.15,-2.483333333,1399.5,110,2.50455104,1384.714286,0,0,0.094,0,16,0.64,212.92,0.19
1922604,955,25.9,-2.1,1345,114,9.621267319,1430,0,0.003,0.053,0,25,0.26,306.98,0.07
2302240,972,25.7,-2.3,1286.5,109,4.390687148,1446.666667,0,0,0.067,0,32,0.44,306.98,0.09
7093962,798.625,27.9625,-1.4375,1160.71,119.2857143,6.323347654,1203.428571,0,0.078,0.081,0,8,0.92,389.89,0.54
2220138,993.5,25.6,-1.85,1116.5,106,5.185129166,1271,0,0,0.141,0,16,0.26,369.36,0.1
821833,946,26.4,-2.5,1181,115,6.253923416,1440,0,0,0.085,0,30,0.48,473.7,0.07
7043807,1053.285714,25.6,-2.928571429,1115.5,104.625,3.604239907,1527.571429,0,0,0.086,0,69,0.27,243.04,0.14
353949,2302,15.5,4.9,2627,131,7.757833481,500,0,0,0.283,0,29,1.2,412.57,0.09
1425056,2080,16.45,4.35,2022,124,16.26182556,540,0.316,0.035,0.04,0,2,1.7,418.25,0.05
1339112,1117,20.8,2.8,1329,132,13.58109331,278,0.456,0.344,0.037,0,4,5.8,349.67,0.05
6764150,1156,18.78333333,5.05,1501.5,138.2857143,12.59155522,322.3333333,0.664,0.106,0.043,0,5,6.8,320.79,0.08
2332371,1766.666667,14.93333333,5.833333333,1357,134,12.88057264,320,0.129,0.002,0.239,0,28,1.9,211.23,0.52
6233189,1143.666667,21.6,-0.2,1960.29,108.8333333,24.33837861,1164.25,0,0,0.051,0,21,0.26,329.23,0.19
877786,1523,16.3,5,1702,136,13.27195358,260,0.609,0.006,0.12,0,16,3.4,403.1,0.1
558981,1107,21.8,0,2639,102,17.68271255,1080,0,0,0.174,0,25,0.3,329.23,0.06
1878193,1408,18.5,2,2351.5,117.3333333,19.40862465,773.3333333,0,0.003,0.1,0,8,0.36,306.81,0.17
691559,1739,15.7,5.2,1721,133,2.467384338,460,0.286,0.025,0.08,0,4,3.7,333.96,0.05
1243539,1161,21,0.15,1624.5,104,30.2430191,1060,0,0,0.175,0,11,0.32,281.09,0.15
2865245,1269,19.06666667,2.933333333,1524.5,117,11.91573358,610.5,0.311,0.01,0.085,0,4,0.65,325.86,0.23
5114117,1224.333333,22.23333333,-2.766666667,1581.6,103,5.856233835,1544,0,0,0.068,0,4,0.81,290.47,0.28
1591488,1377,19.3,1.5,2198,117,31.15408897,974,0,0,0.115,0,29,0.26,408.2,0.18
4433483,1722.833333,17.68333333,2.65,1784.75,113,13.0046813,741.8,0.144,0,0.043,0,65,0.27,343.83,0.07
793765,1593,18.3,2.7,1718,113,32.24955368,739,0,0.009,0.135,0,4,0.54,381.26,0.1
5025876,1504,19.88333333,-1.083333333,2060.8,105.4,17.05673523,1334.6,0,0,0.163,0,,0.29,341.88,0.48
1295252,1410,20.5,-1.2,1606,105,7.826743603,1410,0,0,0.048,0,30,,341.88,0.07
2418702,692.5,29.4,-0.65,528,119.5,18.86109614,1056.5,0.136,0.072,0.08,0,7,2.5,212.67,0.19
919134,597,30.3,-0.2,450,121,2.104677916,869,0.345,0.057,0.092,0,4,2.9,200.49,0.06
2143178,969,27.1,-4.4,1054,102.5,5.899223566,1720,0,0,0.049,0,,0.34,203.57,0.09
468005,641,30.1,-0.6,482,125,1.437925935,947,0.609,0.123,0.23,0,4,2.8,244.62,0.1
2409840,597,30.55,-0.35,480.5,125,1.359641532,844.3333333,0.641,0.237,0.053,0,,3.8,304.71,0.11
6706121,769.5,28.96666667,-1.866666667,727.8,115,10.88626343,1228.25,0,0.015,0.029,0,4,0.6,227.48,0.18
1519393,699,29.1,0.25,246,132.5,4.682599545,930,0.513,0.104,0.046,0.049,,4.2,221.11,0.04
146764698,728.9659864,29.42789116,-1.33877551,626.36,119.9115646,7.878563029,1088.696429,0.236,0.017,0.012,0.003,,0.8,227.48,0.72
4858867,692,30.025,-0.475,444.25,124,3.953734255,959.8,0.027,0.109,0.018,0.011,,3,254.7,0.06
8842555,838.375,27.7625,-2.1625,790.67,123.4,12.41731024,1355.8,0,0.019,0.016,0,4,1.2,182.39,0.13
8832093,725,28.93333333,-0.611111111,640.8,129.6666667,11.30965867,1068.4,0.364,0.083,0.052,0,,3.1,223.32,0.42
3074797,710,30.36666667,-0.466666667,491,130.3333333,0.856664618,923.3333333,0.748,0.138,0.088,0,1,4.5,291.2,0.26
21901812,823.9047619,28,-1.971428571,966.86,123.76,17.51288766,1275.8,0.322,0.031,0.082,0,,1.7,200.41,0.46
1734928,696,30.2,-1.2,636,130,4.78414011,1055,0,0.11,0.04,0,20,2.1,253.63,0.04
4003350,767.25,29.475,-1.475,758,127.75,5.298505574,1176,0,0.012,0.1,0,1,2,193.38,0.07
6628864,678.8571429,30.51428571,-0.571428571,492.67,130,3.881286017,960.4285714,0.454,0.215,0.031,0.007,4,6.9,253.63,0.19
298061,810,28,-1.7,1205,120,6.421854496,1075,0,0.034,0.151,0,8,0.67,202.69,0.05
2687504,731.3333333,30.46666667,-0.666666667,673.33,127,4.228254199,1015,0.476,0.246,0.019,0,2,3.6,366.32,0.05
1340697,660,30.9,0.5,341,134,4.255728245,768,0.757,0.05,0.185,0,4,3.4,337.17,0.25
325418,720,30.3,-0.5,440,132,3.56398344,920,0.799,0.054,0.077,0,3,3.3,337.17,0.04
16683979,738.125,30.4125,-0.65,427.19,126.7142857,2.596990751,992.7777778,0.039,0.111,0.098,0,3,2.6,376.21,0.04
764624,744,30.4,-0.7,433.5,128,1.667201638,1000,0,0.242,0.101,0,8,4,376.21,0.06
2030447,786.5,29.95,-1.55,1160.5,125.5,8.477379084,1260,0,0,0.069,0,6,0.71,459.88,0.1
701757,751,30.5,-0.7,895,132,8.158056259,940,0.025,0.057,0.135,0,3,6,351.94,0.08
114025468,599.1217391,30.67913043,0.303478261,347.11,126.1818182,3.409608651,735.0151515,0.714,0.179,0.067,0.003,4,6.1,358.88,0.5
14951187,606.0714286,30.68571429,0.521428571,328.91,126.4375,1.935812514,686.75,0.727,0.211,0.056,0,6,3.9,440.01,0.71
399792,567,30.7,0.2,339,128,4.045647144,760,0.807,0.019,0.175,0,2,1.6,276.64,0.06
6405515,664.5,30.48333333,-0.466666667,630.57,125.8571429,2.409077632,929.1428571,0.162,0.192,0.059,0,4,3,276.7,0.35
1259588,596,30.7,0,408,132,10.99784088,693,0.794,0.065,0.071,0,2,5.1,306.16,0.09
5601424,630.8,30.68,-0.22,721.83,125.6,3.941484854,854.25,0.067,0.179,0.052,0,8,6.1,260.45,0.28
1542384,596.5,30.75,0.5,747.5,133,4.795066834,720,0.867,0.045,0.029,0,4,3.4,452.12,0.04
1926887,645,30.6,1.25,573,130.3333333,0.88807188,641.5,0.317,0.649,0.031,0,59,11,446.81,0.06
1319213,571,30.9,1.1,388,133.5,2.697068691,600,0.879,0.004,0.121,0,,3.5,306.16,0.08
3625913,1017,24.33333333,1,1398.6,123.5,13.46278191,847.2,0,0.034,0.028,0,4,2,279.02,0.04
439311,882,25.4,1.1,907,128,2.21109581,720,0.609,0.023,0.148,0,7,1.9,211.32,0.04
2099797,845.3333333,25.6,1.966666667,864,123,2.968585849,560,0.418,0.13,0.087,0.006,4,1.4,211.32,0.16
1814142,1050,24.2,0.2,1714,119,9.243260622,800,0,0,0.15,0,4,0.85,246.81,0.28
414253,953,25.4,0,816,121,7.81500721,1080,0.272,0.06,0.091,0,4,1.5,185.44,0.06
884478,1045,24.2,-0.4,2311,107,5.956553936,1020,0,0,0.051,0,3,0.31,305.32,0.08
5337129,1052,24.22,-0.86,2117.67,106.5,10.40079471,1193.142857,0,0,0.022,0,4,0.45,305.32,0.07
788063,741,27.7,0,418,124,1.97522676,840,0.232,0.26,0.136,0,6,8.4,246.44,0.07
9947310,1094.454545,23.92727273,-2.363636364,1590.88,102.4,10.23575695,1405.538462,0,0,0.169,0,16,0.2,332.11,1.1
15048010,1097.933333,23.8,-2.44,1338.94,104.3076923,8.428913226,1508.111111,0,0,0.107,0,4,0.21,338.61,0.52
620999,953,25.9,-1.7,634,110,0.256940842,1260,0,0,0.133,0,4,1.2,157.07,0.07
6191091,1109.666667,23,-2.1,1741.67,104,11.27654225,1540.5,0,0,0.078,0,37,,291.03,0.21
501013,1022,25.1,-2.8,591,101,8.415744781,1560,0,0,0.145,0,33,,207.34,0.06
1827901,1009.5,25.35,-2.7,811.5,106,15.3759594,1601,0,0,0.101,0,3,0.82,207.34,0.04
9045088,1169.777778,23.08888889,-3.111111111,1316.89,102.6666667,6.510019117,1500.666667,0,0,0.06,0,21,,291.03,0.1
1609490,827.5,25.75,0.45,566,122,9.281760693,947.5,0.705,0.107,0.043,0,4,5.3,170.69,0.06
18771848,1033.6,25.43333333,-3.406666667,646,104.5294118,16.21520686,1614.25,0,0,0.031,0,79,0.2,181.33,0.11
8825409,1064,24.48888889,-3.266666667,686,107.3333333,6.11986804,1638.4,0,0,0.027,0,97,,136.64,0.22
5141048,637.2857143,29.4,-0.642857143,622.8,120.75,3.433343768,860,0.103,0.027,0.182,0,,1.7,270.52,0.92
590449,616,30,0,454,128,5.006917477,655,0.601,0.241,0.076,0,,5.9,270.52,0.05
1180298,642,29.9,-0.7,759,126,1.970248222,879,0.025,0.136,0.189,0,7,2.8,270.52,0.2
4895358,667.5,29.96666667,-0.483333333,645.75,126.3333333,10.71143361,880.4,0.475,0.023,0.281,0,31,1.5,252.38,1.38
1879588,554,29.6,0.15,312,129.5,4.81970787,756.6666667,0.689,0.239,0.027,0.007,6,3.9,162.66,0.04
4792908,664.75,30.2,-0.475,536,119,8.349322637,893,0.012,0.091,0.061,0,,4.4,193.75,0.19
738561,617,30.3,-0.3,513,119,6.69287014,800,0,0,0.098,0,1,5.5,219.06,0.08
2704300,634.3333333,30.33333333,-0.2,439.75,122.3333333,3.733340979,760,0.898,0.043,0.061,0,,3.6,220.84,0.05
5348024,633.6666667,30.3,0.066666667,443,118.3333333,0.319406736,765.6,0.496,0.048,0.316,0,,1.8,220.84,1.2
3662277,583.5,30.25,-0.775,490.25,126.3333333,4.006165075,908.4,0.218,0.151,0.03,0,48,1.1,245.85,0.05
1149314,632,30.4,0,456,118,7.917871475,760,0.827,0.087,0.07,0,4,2.7,220.84,0.05
770365,604,30,-1.3,680,120,3.041631937,980,0,0.013,0.032,0,8,7.4,240.38,0.04
841625,1289.5,19.3,5.5,790,135,0.807009637,40,0,0.134,0.086,0,,8.8,275.96,0.08
22961053,1296.96,19.232,5.6,761.08,133.7826087,0.903580072,39.28,0.015,0.118,0.156,0.002,,5,258.85,0.42
1173307,,20,0,846,,0.844816327,10,0.051,0.011,0.119,0.07,,5.6,275.96,0.17
525463,1282,19.7,5.6,789,143,0.803686321,40,0.276,0.105,0.067,0.067,,8.6,275.96,0.05
4087287,1232.333333,20.36666667,5.066666667,880,137,1.741940415,100,0.533,0.281,0.032,0,,11.1,240.97,0.09
686948,1217,20.4,5.2,784,140,3.846908569,44,0.699,0.106,0.12,0,,11.4,240.97,0.08
3175733,1296,19.9,5.25,961,135.3333333,4.50998342,160,0.396,0.104,0.086,0,,6.3,263.73,0.25
1521325,1250,20.4,5.2,922.5,138,2.771293879,40,0.587,0.353,0.046,0.01,,10.9,308.49,0.07
773394,1276,20,5.6,868,131,1.0958215,40,0.659,0.074,0.236,0,12,7.2,270.77,0.18
1156101,1285,20.8,2.7,1828,136.5,10.22236443,480,0.063,0,0.104,0,8,1.9,261.82,0.12
1164621,1287,20.7,3.6,1553,139.5,6.684200287,420,0.335,0.03,0.036,0,4,3.6,261.82,0.04
16546274,1250.125,19.25625,5.04375,1502.84,139.3888889,9.759631425,191.75,0.585,0.122,0.085,0.01,12,9.2,288.35,0.84
1679085,1174.5,22.8,2.8,1585.5,126.5,4.115675926,480,0,0.057,0.153,0,4,3.6,245.89,0.2
1576026,1160,22.9,3,1546,127.5,4.141366482,434,0,0.071,0.065,0,6,3.6,245.89,0.04
982878,1204.5,22.7,3.65,1307,129,0.81039831,350,0.763,0.089,0.122,0,5,3,342.72,0.07
4442901,1089.4,21.26,5.12,1067.67,137.75,6.230736923,108,0.725,0.082,0.029,0.059,106,14.2,342.23,0.09
3986993,1052.6,23.26,3.64,1189.33,132.6666667,10.84955215,267.5,0.624,0.038,0.141,0,4,5.2,305.38,0.56
7489228,1090,20.625,4.7125,1195,137.8571429,6.765768078,94.55555556,0.489,0.042,0.092,0.099,43,6.6,176.09,0.68
228325,1028,22.8,3.4,2044,132,3.65718627,380,0,0.109,0.241,0,2,3.4,235.65,0.05
959266,1006,23.6,3.3,1267,129,3.139092207,280,0.698,0.216,0.086,0,7,7,273.07,0.07
305299,1011,23.5,3.3,1313,129,1.825761199,340,0.581,0.246,0.18,0,4,5.4,235.65,0.06
359607,1001,23.5,3.4,1328,131,1.017293572,340,0.612,0.209,0.188,0,,3.8,235.65,0.06
2141206,1005.666667,23.03333333,2.933333333,1720,129.3333333,4.220912457,380,0.402,0.314,0.051,0,3,4.7,395.73,0.05
5897778,1011.714286,22.94285714,2.814285714,1726,129.2,5.716440996,432.6666667,0.252,0.268,0.029,0,4,5.8,395.73,0.08
1989988,1042,21.7,4.066666667,1397.5,141.5,3.47661834,266.6666667,0.682,0.036,0.043,0,17,11.9,361.53,0.1
8416036,931.4285714,23.92857143,4.5,758.88,140.2222222,3.336824787,107.3,0.678,0.026,0.043,0.21,505,6.3,222.19,0.34
1542658,1105,21.8,3.1,1601.5,136,2.403573051,280,0.191,0.084,0.032,0,,4.7,208.04,0.04
5249168,888.8,21.6,2.96,1155.29,135.5,8.279715514,244,0.452,0.037,0.067,0,16,4.5,208.04,0.18
821433,1164,21.8,2.5,1323,130,10.2863102,540,0.091,0.037,0.073,0,5,5.4,179.76,0.05
951208,1158,21.9,2.6,1820,128,6.903886318,440,0,0.021,0.15,0,4,1.8,179.76,0.12
3630426,993.3333333,22.96666667,3.333333333,778,135.75,8.12635231,315,0.738,0.138,0.052,0.058,54,7,286.77,0.2
1649590,1124.5,22.55,2.85,1516,124.5,6.031122208,510,0.006,0.127,0.073,0,4,3.7,194.31,0.1
521466,1049,23.8,2.1,1426,131,4.64648962,560,0,0.163,0.086,0,4,3.3,212.1,0.07
444013,853,25.3,2.1,784,133,1.511253357,480,0.749,0.135,0.135,0,4,5.7,272.5,0.06
2934704,876.3333333,25.23333333,1.5,970,133.5,2.584062537,666.6666667,0.487,0.145,0.118,0,8,2.8,272.5,0.22
580264,1075,22.6,3.1,2152,127,1.493796706,399,0,0.022,0.228,0,4,4.1,337.51,0.1
732537,1006,26.6,1.8,1207,124,2.00677228,532,0.109,0.147,0.256,0,19,2.7,274.6,0.18
2384892,1179.5,25.75,-0.15,1680,115.3333333,7.685883204,893.3333333,0,0.006,0.041,0,,1.2,309.25,0.06
407753,1112,25.9,0.2,1588,111,5.868281364,860,0,0,0.074,0,4,0.59,245.74,0.02
1178270,1742,21.9,4.9,1245,133,5.549084902,50,0.637,0.106,0.174,0.019,22,6.3,294.74,0.21
2104379,1735,22.95,3.6,2337.5,129,12.00140731,458.3333333,0.405,0.021,0.053,0,13,3.4,434.2,0.09
181872,1353,24.7,1.7,1159,114,3.046028376,600,0,0,0.247,0,4,0.69,321.32,0.05
1979646,1767,22.8,4.1,2043,125,11.11650562,366.6666667,0.268,0.039,0.063,0,4,4.3,316.83,0.08
422645,1176,25.6,1.2,1307,119,5.979784012,683,0.083,0,0.083,0,,1.9,309.6,0.05
531757,1219,25.3,2.2,948,126,4.251869202,500,0.606,0.277,0.108,0,,3.2,309.6,0.07
3327437,1752.666667,22.73333333,4.033333333,2077.67,124,6.928982735,222.75,0.148,0.058,0.157,0,18,3.1,393.23,0.41
813905,1749,22.7,3.8,2287,123,8.355762482,280,0.025,0.037,0.111,0,4,3.5,393.23,0.08
179927,1558,22.4,5.3,1138,,1.099235535,1,0.723,0.014,0.097,0,4,1.5,309.5,0.02
4609250,1355.8,24.66,2.38,1757.33,122.5,12.24875522,680,0.194,0.018,0.017,0,32,0.54,252.31,0.03
28476403,1353.310345,24.82758621,1.534482759,1939.93,118.2592593,6.19475897,671.6875,0.077,0.06,0.052,0,4,1.4,279.76,0.46
3308748,1539.75,22.95,3.7,1626.25,129.3333333,7.390401999,143,0.486,0.09,0.07,0,3,7.1,306.54,0.21
1104532,1442,24,4.2,1681,129,4.934768677,120,0.659,0.292,0.05,0,,8.8,322.62,0.05
626836,1361,21.6,5.1,590,130,3.559725523,141,0.507,0.084,0.171,0,54,1.9,252.51,0.11
1293880,1271,25.3,1,1485.5,113,5.445394039,679,0,0.012,0.089,0,9,0.8,178.78,0.11
679858,1335,25.1,0.5,2701,109,4.480315208,852,0,0,0.151,0,4,0.62,279.76,0.05
1258190,1046,26.2,2.3,813,127,0.921004772,480,0.761,0.163,0.072,0,34,2.4,258.28,0.04
1545854,1087,26.1,1.9,1013,124,4.05623877,554,0.45,0.414,0.146,0,8,4.3,212.89,0.08
167072,1310,21.5,4.5,1129,137,7.01342535,140,0.449,0,0.209,0,6,9.7,289.22,0.04
624312,1371,23.1,3.7,1218,132,1.95488739,271,0.569,0.024,0.14,0,1,8.5,378.58,0.08
10194772,963.625,26.9625,1.475,1024.4,125.5,4.098245758,638.6153846,0.521,0.415,0.063,0,4,6.8,225.37,0.13
334863,1336,24.4,3.2,1996,124,7.404587269,500,0,0.037,0.231,0,,1.9,293.53,0.07
3480499,959,27.225,0.625,1419.5,124.5,4.631114721,721.5,0.548,0.305,0.03,0,4,3.6,237.45,0.09
1083213,1299,22.7,3.2,1628,128,2.266880035,460,0.106,0.074,0.157,0,,13.4,223.33,0.17
18759908,905.7368421,27.81052632,-0.068421053,1416.06,118.6666667,7.256857648,835.0952381,0.114,0.111,0.074,0,4,1.7,233.11,1.03
771557,1273,22.4,3.7,1668,129,4.106971741,300,0.386,0.353,0.207,0,4,4.7,223.33,0.15
4078618,1260.75,22.25,3.775,1490.33,129.75,3.682184458,264.5,0.249,0.15,0.264,0,34,2.7,310.98,1.01
2020563,1116.5,26.25,1.1,1122.67,114.5,3.215389371,636,0,0.017,0.052,0,,2.2,226.96,0.07
202908,1089,26.5,1.2,1245,118,4.142960548,680,0,0,0.074,0,4,1.7,226.96,0.02
5530137,1231.333333,23.6,3.116666667,1260.4,134,10.72302604,403.3333333,0.538,0.323,0.038,0,1,6.8,236.64,0.19
2969401,1209.5,22.175,2.65,1939.33,127.4,4.769380784,479.2,0,0.141,0.086,0,4,2.2,301.01,0.12
4621739,1182.8,21.62,3.34,1471.6,129.25,2.127973223,388,0.074,0.16,0.226,0,34,1.9,247.66,0.89
420226,1169,25.8,1.3,1779,120,4.261928558,690,0,0.018,0.208,0,4,2.5,233.87,0.07
2415474,1174.333333,21.5,3.166666667,1621.67,128.5,5.904556672,413.3333333,0,0.193,0.077,0,8,2.9,247.66,0.14
4309080,1151.4,24.88,3.02,1014.8,132.25,7.73274684,340,0.445,0.147,0.021,0,2,8.7,279.75,0.08
2465894,1163.5,26,0.2,2428.5,120,5.709311644,880,0,0.003,0.082,0,4,0.77,233.87,0.16
677441,1255,23.7,3.9,1076,133,3.736581564,240,0.635,0.203,0.129,0,5,7.3,292.84,0.09
612700,2159,21.1,1,3327,116,9.60627079,660,0,0,0.078,0,62,0.33,361.07,0.05
651710,1662,22.6,1.8,1878,111,3.473006725,620,0.292,0.015,0.119,0,4,1.7,335.77,0.07
3607464,2023.333333,21.9,2.533333333,2532.5,109.2,7.345028654,513.5,0,0.003,0.049,0,5,0.93,390.36,0.14
23097071,1083.24,25.492,-0.128,1981,114.2272727,5.692038479,861.84,0.011,0,0.008,0,9,0.73,295.01,0.07
3368981,1958,21.5,5.466666667,1149.8,135.6666667,5.024680942,105,0.443,0,0.042,0,575,7,385.26,0.15
20188762,1147.85,25.62,-0.57,1346.35,116.3478261,11.57790196,972.6521739,0,0.007,0.052,0,13,0.55,219.61,1.01
1136003,1532,23.7,1.4,1783,114,15.87180328,680,0,0,0.081,0,4,0.95,370.75,0.06
876095,1919,22.1,4.3,1770,137,16.20203781,40,0.545,0.231,0.06,0.031,215,3.5,343.56,0.06
1436704,1637,23.3,2.6,1936,114,9.723189354,360,0.444,0.023,0.113,0,4,2.1,393.18,0.15
379222,1565,23.5,2.8,1543,120,9.155641556,380,0,0.04,0.099,0,4,3.5,276.87,0.02
573402,1283,25,0.4,1798,106,4.942428112,820,0,0,0.113,0,13,0.43,267.75,0.05
1687049,1645,23.5,1.05,2838,111.6666667,6.302380562,795,0,0,0.059,0,33,0.36,343.15,0.08
5330548,1606,23.7,0.95,2782.8,104.5714286,4.565342387,762.5,0,0,0.119,0,67,0.31,328.86,0.41
611563,1150,25.9,-0.8,1996,104,11.24723053,916,0,0,0.159,0,17,0.22,237.56,0.1
2996997,1134.5,23.1,0.95,1247.5,117,5.410590649,536,0.128,0.021,0.267,0,22,1,342.62,0.56
19270597,1682.052632,20.31578947,2.1,2615.26,120.8421053,23.83974036,505.9090909,0.244,0.007,0.066,0,17,5.8,381.93,1.2
9749644,1819.6,21.13,-0.72,3824.18,101.125,14.92337151,1090,0,0,0.013,0,34,,405.16,0.1
4483518,1779.5,21.25,0.425,4160.25,100,20.25941563,906.6,0,0,0.013,0,65,,476.27,0.05
833618,1117,24.8,-1.3,1371,106,4.498557568,1035,0,0,0.078,0,4,0.29,127.38,0.05
1218653,1000,24.9,0.5,1386,109,3.500894785,702,0,0,0.119,0,21,0.33,185.83,0.09
3832943,1289,22.63333333,3.133333333,800.25,127,7.069032002,312,0.836,0.04,0.064,0.054,12,8.7,313.39,0.05
323071,2001,21.5,1.3,4737,105,20.84660149,770,0,0,0.093,0,39,0.28,407.21,0.04
300147,2025,21.4,1.3,4181,105,16.81001854,660,0,0,0.2,0,51,0.89,407.21,0.06
6231545,1034.428571,25.44285714,-2.857142857,2622.8,102.4,11.17812363,1033.333333,0,0,0.06,0,30,,231.54,0.22
13635813,1049.230769,24.13846154,0.646153846,1424.75,112.1538462,19.73377142,601.125,0.118,0,0.064,0,34,0.49,313.09,0.79
1726532,1217,21.2,2.4,2238,121,12.70853615,434,0.337,0,0.169,0,31,0.61,246.78,0.15
1706139,1234.5,22.2,1.1,2471.5,119,18.42554474,726.6666667,0.004,0,0.059,0,16,1,235.52,0.1
9076579,1122.75,24.675,-1.2875,2662.56,103.1,11.90671778,917.6666667,0,0,0.089,0,4,,279.73,0.37
1638881,1244.333333,21.16666667,1.133333333,2154.5,116.5,19.73351479,780,0,0,0.113,0,43,0.23,264.36,0.2
14469814,1105.785714,25.41428571,-1.964285714,2895.67,102,7.900236782,1003.157895,0,0,0.126,0,26,,292,0.85
2446958,1151,25,-2.2,3252,103.3333333,7.100553751,1091.666667,0,0,0.05,0,30,,292.88,0.11
145633890,1116.70068,22.81972789,1.629931973,1140.17,120.9640288,7.371340424,494,0.441,0.06,0.061,0.01,22,2.8,391,0.28
1853114,1035.5,26.75,-2.05,1907,103.6666667,7.926384926,940,0,0,0.05,0,4,,219.33,0.09
1821791,1072.333333,25.2,-0.3,1344,106,5.473678112,741,0,0.012,0.045,0,9,0.24,276.51,0.05
778201,1087,24.7,0,1251,113,6.878952503,790,0,0,0.103,0,4,0.86,180.84,0.04
174643602,1167.557471,23.17183908,1.262643678,1882.58,117.0684932,14.15154032,485.9095477,0.311,0.026,0.15,0.001,32,2.1,271.16,5.16
1415696,1362,19.6,1.95,1766,120,11.75547504,320,0.055,0,0.143,0,6,0.38,190.34,0.19
27160691,1358.888889,19.87777778,2.096296296,2541.21,121.68,13.34142156,384.4516129,0.401,0.078,0.021,0.002,130,2.1,345.04,0.34
7143330,1331.285714,19.27142857,2.014285714,2206.83,123.4285714,12.1146341,373.125,0.362,0.003,0.113,0,17,1,237.96,0.76
5688291,1313.4,19.58,1.78,2068,117.2,14.3966679,532.5,0.049,0.001,0.038,0,8,0.32,261.91,0.06
959608,1326,20.5,2.3,2787,126,2.846729994,240,0.32,0.01,0.237,0,6,1.4,290.31,0.22
171170,,,0,961,,10.55569172,1,0.526,0.015,0.234,0,260,7.4,256.32,0.04
5179030,1208.4,20.8,4.02,850.67,133.2,3.622615529,45.16666667,0.679,0.065,0.102,0.102,23,4.4,184.56,0.5
2083703,1205.5,20.55,2.5,860,129.5,18.457798,350,0.678,0.005,0.084,0.072,,1.9,206.25,0.16
1256028,949,22.7,0,1623,120,5.509504318,667,0,0,0.082,0,3,0.41,234.54,0.05
676307,990,22,2.1,960,126,6.533248901,253,0.673,0.192,0.104,0,16,2.9,256.79,0.03
11418273,678.0833333,25.74166667,-0.141666667,1148.83,109.9285714,7.116638592,552.8571429,0.04,0,0.081,0,7,1.5,232.63,0.05
741630,1098,22.8,0.9,1101,129,14.40385818,520,0.499,0.01,0.28,0,21,2.4,279.96,0.02
3671183,716.6666667,26.36666667,-3.4,1957,104,20.63412539,1193.333333,0,0,0.142,0,23,,211.32,0.39
6711836,682.1666667,27.33333333,-3.7,1976.71,101.4,18.66533184,1067.777778,0,0,0.026,0,28,,175.98,0.17
4164382,498.1666667,31.1,-1.616666667,546.33,122.8,3.320550919,531,0.769,0.02,0.027,0,25,1.1,118.67,0.06
2996633,487,36.525,-2.825,331,117.3333333,0.857100864,451,0.577,0.267,0.15,0,,4,115.22,0.36
429845,638,29.6,-4.2,1006,104,12.04869175,1050,0,0,0.18,0,7,0.43,155.13,0.07
4352162,613.2,30.28,-4.08,802.83,107.8,8.655151625,954.8333333,0,0,0.028,0,51,1.1,133.9,0.08
4359510,484.6,37.52,-2.54,312,119.5,0.978412189,366.25,0.834,0.132,0.038,0,,2.6,92.45,0.09
379112,517,38.2,-3.2,312,113,1.15896976,457,0,0.158,0.257,0,,6.1,155.74,0.1
1274089,521.5,38.35,-3.45,320,109,0.690310627,500,0,0.018,0.106,0,,3.3,133.2,0.07
487906,500,38.3,-2.8,312,116,0.745403767,390,0.6,0.21,0.205,0,,10.9,151.76,0.1
2126879,497.5,38.15,-3.1,331,115,0.757496158,453.6666667,0.074,0.333,0.085,0,,4.3,139.18,0.14
3888532,1024.4,20.68,1.24,1999,119.4,9.942628384,324.75,0.317,0.005,0.085,0,8,1,224.41,0.19
4724289,989.75,21.275,0.575,2300,112.4,14.66171638,490,0,0.006,0.16,0,,0.75,221.2,0.66
318221,886,23.3,-1.4,2229,125,10.77770042,727,0,0,0.118,0,4,,229.17,0.04
352595,710,24.5,1.1,751,,0,0,0,0,0.22,0,25,7.7,130.17,0.06
1701657,919.5,21.55,1.3,1340.5,120,13.33766651,428,0.45,0.026,0.25,0,27,1.4,203.89,0.41
2626568,730.5,23.35,1.7,597,126,3.885545015,164.6666667,0.559,0.286,0.051,0.091,17,8.4,167.29,0.08
1423143,710,27.6,-3.6,1995,115,20.73314476,941.5,0,0,0.07,0,28,,127.36,0.08
1993002,588,31.75,-4.3,1225,102,1.594108105,867,0,0,0.058,0,4,0.83,134.18,0.12
1042956,604,31.9,-4.8,1264,104,6.320784569,958,0,0,0.137,0,,1.1,152.77,0.14
2827421,548.3333333,33.66666667,-3.9,1066.33,111.6666667,4.487908721,733.5,0,0.001,0.112,0,,1.7,135.48,0.31
352157,615,31.9,-5.4,1057,102,2.442089081,1097,0,0,0.199,0,13,0.29,149.53,0.07
1774252,620,31.2,-5.1,682,102,3.972730398,978.5,0,0,0.037,0,,0.24,134.63,0.06
1148818,580,30.5,-3.5,1020,112,17.18683243,601,0,0,0.157,0,,1.3,107.4,0.05
5886710,632.5,29.98333333,-4.3,1082.2,102.2,13.83817571,1047.285714,0,0,0.157,0,22,9.5,151.06,0.02
526181,655,34.2,-5.2,1702,105,5.122297764,643,0,0,0.067,0,,0.37,188.71,0.04
624079,598,33.6,-3.4,920,113,6.879341602,532,0,0,0.092,0,,0.48,162.06,0.07
561975,596,36.2,-3.5,596,115,2.83668375,440,0,0.009,0.085,0,,5.1,185.57,0.04
979998,597,33.3,-3.5,1007,111,4.905248165,541,0,0,0.102,0,4,0.75,136.09,0.05
1260287,556,35.5,-2,375,122,5.021424174,215,0.768,0.147,0.077,0,,9,132.3,0.09
660088,617,34.4,-4.4,1252,101,3.51274991,760,0,0,0.125,0,,0.45,149.69,0.13
2805496,580.25,36.175,-3.1,438.33,116,2.99131918,373.3333333,0.402,0.029,0.053,0,4,3,135.44,0.05
1928189,614,34.6,-4.4,1146,102,4.325962543,662,0,0,0.038,0,4,0.4,149.69,0.07
5774287,570.3333333,36.8,-3.333333333,405.8,113.6666667,1.07895356,423.4285714,0.162,0.038,0.072,0,,2.4,128.22,0.15
4201562,596.75,34.6,-4.1,1024.25,108.3333333,3.444874108,674.75,0,0.027,0.087,0,4,1.5,145.17,0.25
599774,575,36.8,-3.6,485,114,1.134855866,477,0,0.013,0.2,0,,1.9,164.52,0.11
2288289,580,36.7,-3.7,442,115,1.833604038,494,0.021,0.039,0.117,0,,1.9,133.91,0.18
484064,572,36.7,-3.8,510,116,2.25994277,528,0,0.625,0.145,0,,5.3,134.69,0.06
331723,534,37.3,-2.9,312,117,5.390563488,300,0.219,0.241,0.143,0,,7.2,99.78,0.07
6328299,557.5,36.31666667,-3.916666667,670.8,115.8,5.66743333,636,0,0.004,0.127,0,4,1.5,134.46,0.79
1894325,529,37.4,-2.9,312,117,0.718237236,399.5,0.681,0.194,0.066,0,4,9.5,123.82,0.1
5226085,515.2,37.66,-2.74,312,115.5,1.162594019,350.5714286,0.441,0.215,0.111,0,,6.6,148.02,0.13
1181023,516,37.65,-2.85,312,116,3.574790001,367,0.523,0.197,0.047,0,,11.3,148.02,0.05
3891514,509,37.03333333,-2.8,312,116.3333333,1.236056253,418.25,0.757,0.19,0.027,0,,5.6,97.39,0.09
495467,517,37.8,-3.1,312,115,1.61014545,424,0.661,0.111,0.111,0,,3.6,143.95,0.05
419886,635,32.3,-1.5,933,122,4.506126881,160,0,0,0.119,0,,1.6,203.48,0.04
669263,611,31.1,-1.4,927,118,4.562790394,115,0,0,0.179,0,,1.6,190.47,0.11
3136918,634.6666667,34.8,-3,1080.33,112.6666667,6.668852866,460,0,0.045,0.047,0,,2,240.01,0.11
5612554,591,33,-2.666666667,1100.6,109.5,6.931291819,411.25,0,0,0.153,0,4,0.5,193.01,0.44
271152,632,32.8,-4.3,1644,100,13.07935524,870,0,0,0.148,0,17,,193.01,0.05
546980,590,34.2,-2.7,738,115,10.25566578,400,0,0.005,0.11,0,,3.6,163.28,0.05
11561794,626.25,35.80833333,-3.991666667,857.09,112.6363636,5.062059953,560,0,0.046,0.019,0,,1.9,195.77,0.2
13850843,484.2142857,37.13571429,-2.65,371.57,116.5714286,4.144719597,246.6470588,0.24,0.005,0.192,0,25,2.5,129.6,0.16
495061,563,37,-3.7,616,110,2.987473965,480,0,0,0.237,0,,2.1,130.81,0.11
2870934,585.6666667,36.7,-3.8,570.33,113,2.531134307,516.6666667,0,0.047,0.071,0,,2.6,150.95,0.17
661022,449,37.7,-3.1,428,119,2.061420918,342,0.363,0.473,0.166,0,,10.7,172.83,0.06
510308,552,37.2,-3.3,439,113,1.640118957,405,0,0,0.122,0,,7,124.04,0.05
76135031,535.2894737,37.82631579,-3.918421053,531.17,114.5769231,1.632548175,504.1222222,0,0.051,0.063,0,,3.1,118.71,0.08
18710539,453.1111111,38.76666667,-3.077777778,389.26,116.1,1.346824103,314.9130435,0.709,0.168,0.055,0,8,5,120.66,0.14
1419921,516.5,38.2,-3.85,533.5,116,1.239172488,470.5,0,0.019,0.13,0,,4.2,139.76,0.13
6940632,449.8333333,38.91666667,-3.216666667,347,116.625,0.850553115,345.4285714,0.796,0.062,0.115,0,,4.8,111.13,0.33
3841861,493.6666667,38.6,-3.4,370.25,116.3333333,1.544570088,399.5,0.271,0.029,0.107,0,,4.8,114.7,0.08
3222505,513,38.1,-3,302,120,2.774000406,352,0.736,0.175,0.045,0,,9,134.52,0.06
7438327,526.75,38.2375,-3.4625,341.33,112.6666667,0.913384047,453.8888889,0,0.124,0.188,0,,5.2,131.83,0.94
4955162,496.2,38.9,-3.1,332,113.1666667,0.932023781,391.1428571,0.465,0.187,0.125,0,4,4.3,133.83,0.34
1017133,482,39.3,-3,332,113,2.631775618,370,0.012,0.31,0.088,0,,10.1,129.13,0.08
647131,496,38.9,-3.1,332,115,0.641170502,385,0.738,0.085,0.182,0,,4,133.83,0.11
878115,507,38.7,-3.1,332,112.5,0.869175971,420,0.185,0.643,0.114,0,,9.2,120.65,0.08
318664,501,38.9,-3,332,114,0.700993955,405,0.785,0,0.212,0,,3.4,120.65,0.07
371431,494,39.1,-3.2,332,112,0.609791219,410,0,0,0.236,0,,1.7,133.83,0.08
2852945,468.3333333,39.73333333,-3.166666667,317,118.6666667,1.246859401,388.5,0.82,0.059,0.12,0,,8,144.1,0.31
1342268,490,39.4,-3.2,322,114,0.936279826,420,0.624,0.099,0.274,0,,2.8,128.16,0.33
3583310,483.8,39.56,-3.22,317,114.25,1.871016431,405.8,0.691,0.161,0.04,0,,3.6,142.7,0.07
1444074,640,32.8,-2.4,1148,114,4.759623528,300,0,0,0.106,0,8,0.74,217.86,0.06
686867,542,32.1,-1.9,1043,107,9.035368919,234,0,0,0.262,0,61,0.29,190.65,0.19
216832,569,32.7,-1.6,896,117,8.609212875,240,0,0,0.161,0,,0.76,174.44,0.04
2523511,657.6666667,33.23333333,-2.333333333,1045,109.6666667,5.101604402,213.5,0,0,0.117,0,34,0.58,211.42,0.17
313322,576,33.1,-2.6,1290,106,9.163434029,340,0,0,0.184,0,4,0.34,174.44,0.07
5629384,572,33.34,-2.62,1154.2,107.3333333,3.036651152,300,0,0.001,0.235,0,8,0.49,177.75,1.05
1133686,636,33.9,-3.7,1574,104,7.73745203,340,0,0,0.055,0,4,0.38,162.39,0.05
409016,611,34,-3.2,1307,108,7.151059151,400,0,0,0.134,0,4,0.51,162.39,0.05
2936949,591.3333333,33.96666667,-3.266666667,1173,108,4.47882096,345.3333333,0,0,0.136,0,4,0.36,177.75,0.21
272308,646,33.9,-2.3,1054,107,2.366164446,280,0,0,0.129,0,17,0.54,159.13,0.06
397305,657,34.8,-3.5,1690,103,7.237591267,500,0,0,0.201,0,,0.31,143.51,0.09
323461,477,34.3,-2.1,531,119,5.251639366,120,0.085,0.015,0.247,0,,4.7,204.57,0.04
1016457,469,34.7,-1.8,351.5,123.5,4.147351265,80,0.735,0.012,0.069,0,9,3.2,238.94,0.07
3314721,589.25,35.35,-3.05,966.5,114.3333333,3.378817797,360.3333333,0,0.026,0.096,0,,2.9,189.28,0.09
1078523,526,36,-3.9,769,106,5.731940269,600,0,0.002,0.109,0,,0.46,163.88,0.1
891955,515,36.3,-4.2,850.5,104,2.36820519,577.5,0,0.006,0.132,0,13,0.4,182.57,0.1
942741,503,24.3,-0.6,980,104,0.456904262,320,0,0.135,0.191,0,2,0.61,169.91,0.17
1147163,473,22.15,1.15,551,115,3.844517112,50,0,0.02,0.15,0,4,2.3,118.31,0.14
309661,489,22.6,0.4,684,112,2.929576397,180,0,0.016,0.073,0,4,1.1,118.31,0.03
1743110,492.75,23.85,-0.125,856.5,104.5,1.458065689,274.5,0,0,0.077,0,,0.58,169.91,0.08
1935759,496,23.95,-0.2,742,107.5,2.008739829,277,0,0.127,0.089,0,,1,163.23,0.11
994024,516,23.6,-0.6,914,110,10.63827991,323,0,0,0.075,0,36,,198.18,0.04
1615176,494,26.2,-1,927,109,3.226681709,360,0,0,0.093,0,,0.69,177.11,0.08
3228643,457.75,27,-0.25,536.5,118,5.801585579,128,0.192,0.005,0.06,0,4,1.7,178.65,0.07
195849,503,32.5,-2.8,1196,112,1.210330248,417,0,0,0.281,0,,1.3,166.32,0.05
1035283,499,31.7,-2.7,1319,109.5,3.134060383,426,0,0,0.109,0,,1.2,120.31,0.05
1606250,464.5,31.75,-1.75,668,115,3.846343517,280,0,0,0.048,0,,1.1,120.31,0.07
233773,484,26.8,-0.9,873,118,1.522662759,360,0,0,0.235,0,,0.96,195.3,0.06
634172,482,27.3,-1,690,,3.322234154,355,0,0,0.083,0,2,1.9,160.01,0.05
1034349,461,34.1,-1.8,444,116.5,1.190111399,180,0.703,0.012,0.109,0,,2.5,184.36,0.11
867060,456,26.6,0,557,122,2.460142136,240,0.254,0.311,0.063,0,2,7.2,208.51,0.05
1161363,444,30.9,-1.2,564,116.5,1.266661167,260,0.011,0,0.095,0,2,2.3,138.89,0.04
531454,498,32.2,-3.3,792,106,3.568223536,585,0,0,0.179,0,,0.6,168.84,0.04
1140799,450,31.3,-1.7,520,115,1.634670377,320,0,0.037,0.037,0,3,0.83,141.72,0.05
1548014,445.5,32.2,-1.7,463,120.5,4.76498127,320,0.391,0.011,0.128,0,2,2.5,202.06,0.12
2064488,440,37.2,-3,454,115,1.012031436,372,0.084,0.274,0.031,0,,3.7,164.8,0.04
1711109,579,21.5,0,1216,101,1.624768933,320.6666667,0,0,0.072,0,5,0.47,231.11,0.1
3327413,548.25,24.075,-1.2,1069,100.3333333,1.552502394,471.75,0,0,0.166,0,93,0.32,177.51,0.05
666743,480,24.9,0.1,473,124,7.241436005,327,0.87,0.037,0.067,0,,2.1,190.87,0.04
6225143,452.4285714,26.1,0.557142857,352.6,123.8,3.416021903,114.1666667,0.661,0.107,0.212,0,,2.9,172.21,1.17
5056261,467,26.45,0.1,371.8,121.75,2.394993996,183.8333333,0.55,0.03,0.213,0,,2.4,188.44,0.05
295084,509,25.5,-0.4,475,113,1.977122903,330,0,0,0.136,0,,1.7,255.48,0.04
1367287,495,26.5,-0.5,385,114,1.427964449,286,0.044,0.033,0.188,0,,2.1,191.79,0.11
270369,504,25.8,-0.3,450,113,4.853247166,320,0,0,0.176,0,,1.3,255.48,0.04
627452,506,24.9,0,424,115,4.479319096,280,0,0,0.112,0,5,1.2,205.39,0.05
706236,484,25.2,0.5,248,116,4.736587524,140,0.23,0,0.173,0,,2.3,202.03,0.07
815915,470,26.9,0.4,304,122,1.555930495,150,0.757,0,0.184,0,,1.7,168.97,0.15
1770506,460,29.2,0,319,120.5,1.590555708,176,0.784,0.032,0.131,0,,2.5,211.55,0.15
1556137,505,24.9,0.1,364,115,7.186626434,240,0,0,0.09,0,4,1.5,214.58,0.13
8566431,483.2222222,26.04444444,0.177777778,267.13,117,2.295200929,156.7,0.262,0.041,0.242,0,,1.7,218.37,1.04